MemberId,company,createdAt,currency,isActive,lastTransactionAmount,lastTransactionAt,role,tier,totalAmountDonated,type,profile,twitter,github,website
661,,2013-01-15 00:00,0,True,0,2024-08-27 11:05,MEMBER,0,0,USER,https://opencollective.com/ahhrrr,https://twitter.com/ahhrrr,,https://ahhrrr.com/
662,@Streetmix,2013-01-15 00:00,USD,True,10,2024-07-01 09:04,ADMIN,0,425,USER,https://opencollective.com/lou-huang,https://twitter.com/saikofish,https://github.com/louh,https://louhuang.com
663,,2016-05-31 17:08,USD,True,-0.5,2024-08-27 10:28,HOST,0,5.87,ORGANIZATION,https://opencollective.com/opensource,https://twitter.com/OpenSourceColl,,https://oscollective.org/
768,,2016-01-16 00:00,0,True,0,2024-08-27 11:05,MEMBER,0,0,USER,https://opencollective.com/neonpines,https://twitter.com/neonpines,,
769,,2016-05-16 00:00,0,True,0,2024-08-27 11:05,MEMBER,0,0,USER,https://opencollective.com/mkconcentrate,,,
770,,2016-05-16 00:00,0,True,0,2024-08-27 11:05,MEMBER,0,0,USER,https://opencollective.com/magul,,https://github.com/magul,https://github.com/magul
888,,2013-01-25 00:00,0,True,0,2024-08-27 11:05,MEMBER,0,0,USER,https://opencollective.com/anselmbradford,https://twitter.com/anselmbradford,,https://twitter.com/anselmbradford
889,,2013-01-25 00:00,0,True,0,2024-08-27 11:05,MEMBER,0,0,USER,https://opencollective.com/klizlewis,https://twitter.com/klizlewis,,https://twitter.com/klizlewis
890,,2013-01-25 00:00,0,True,0,2024-08-27 11:05,MEMBER,0,0,USER,https://opencollective.com/mwichary,https://twitter.com/mwichary,,https://aresluna.org/
891,,2013-01-25 00:00,0,True,0,2024-08-27 11:05,MEMBER,0,0,USER,https://opencollective.com/anthromarc,https://twitter.com/anthromarc,,https://www.linkedin.com/pub/marc-hebert/1/2bb/66
892,,2013-01-25 00:00,0,True,0,2024-08-27 11:05,MEMBER,0,0,USER,https://opencollective.com/shaunak,https://twitter.com/shaunak,,https://twitter.com/shaunak
893,,2014-05-10 00:00,0,True,0,2024-08-27 11:05,MEMBER,0,0,USER,https://opencollective.com/drewda,,https://github.com/drewda,https://github.com/drewda
898,,2013-01-03 00:00,0,True,0,2024-08-27 11:05,BACKER,0,0,USER,https://opencollective.com/cfa,,,https://codeforamerica.org
899,,2016-07-03 00:00,0,True,0,2024-08-27 11:05,BACKER,0,0,USER,https://opencollective.com/browserstack,,,https://www.browserstack.com/
1539,,2016-09-20 15:00,USD,False,10,2017-01-20 16:01,BACKER,Streetmix+ Membership (monthly),50,USER,https://opencollective.com/saikofish,,,
2402,,2016-12-02 21:17,USD,True,2,2024-08-01 00:01,BACKER,Streetmix+ Membership (monthly),186,USER,https://opencollective.com/max_robitzsch,,,
2450,,2016-12-06 17:59,USD,True,2,2024-08-01 00:01,BACKER,Streetmix+ Membership (monthly),186,USER,https://opencollective.com/stephenbuckley,https://twitter.com/OpenChatham,,https://OpenGovMetrics.org
3697,@Streetmix,2017-03-24 22:23,USD,False,10,2024-06-01 09:03,BACKER,Streetmix+ Membership (monthly),425,USER,https://opencollective.com/lou-huang,https://twitter.com/saikofish,https://github.com/louh,https://louhuang.com
3832,,2017-03-31 14:38,USD,False,10,2017-09-19 17:38,BACKER,Streetmix+ Membership (monthly),30,USER,https://opencollective.com/lgibson,,,
3981,,2017-04-05 02:35,USD,True,15,2017-04-05 02:35,BACKER,0,15,USER,https://opencollective.com/rollingtoes,,,
3996,,2017-04-05 21:12,USD,True,10,2017-04-05 21:12,BACKER,0,10,USER,https://opencollective.com/paulkhopper,,,
4082,,2017-04-10 14:28,USD,False,2,2022-01-05 12:06,BACKER,Streetmix+ Membership (monthly),116,USER,https://opencollective.com/quinnraymond,,,
4117,,2017-04-13 03:53,USD,True,2,2024-08-01 05:00,BACKER,Streetmix+ Membership (monthly),176,USER,https://opencollective.com/treyhahn,,,
4190,,2017-04-19 23:35,USD,True,50,2017-04-19 23:35,BACKER,0,50,USER,https://opencollective.com/gavindavidson,,,
4229,,2017-04-21 15:59,USD,True,20,2017-04-21 15:59,BACKER,0,20,USER,https://opencollective.com/sebsmoot,,,
4239,,2017-04-22 14:39,USD,False,2,2021-07-01 18:13,BACKER,Streetmix+ Membership (monthly),104,USER,https://opencollective.com/cecile468,,,
4273,,2017-04-24 19:51,USD,True,25,2017-04-24 19:51,BACKER,0,25,USER,https://opencollective.com/ludwigmatt,,,
4274,,2017-04-24 22:27,USD,False,50,2017-06-01 23:29,BACKER,Streetmix+ Membership (monthly),150,USER,https://opencollective.com/jonathan1,,,
4294,Arquitecto ,2017-04-26 19:17,USD,False,2,2019-08-02 05:02,BACKER,Streetmix+ Membership (monthly),56,USER,https://opencollective.com/javierhidalgoponce,https://twitter.com/javier_hidalgo,,https://javierhidalgo.mx
4397,,2017-05-02 13:48,USD,False,2,2017-06-01 14:50,BACKER,Streetmix+ Membership (monthly),4,USER,https://opencollective.com/lisakayefrank,,,
4514,,2017-04-13 03:53,USD,True,2,2024-07-01 05:00,MEMBER,0,176,USER,https://opencollective.com/treyhahn,,,
4675,,2017-05-19 20:13,USD,True,2,2024-08-01 02:01,BACKER,Streetmix+ Membership (monthly),176,USER,https://opencollective.com/lbrennee,,,
4855,,2017-06-01 14:57,USD,True,2,2024-08-04 10:45,BACKER,Streetmix+ Membership (monthly),174,USER,https://opencollective.com/artiewhite,,,
4880,,2017-06-02 21:46,USD,True,5,2024-07-28 11:41,BACKER,Streetmix+ Membership (monthly),269,USER,https://opencollective.com/davsot,https://twitter.com/davsot,,https://www.planactionpr.com
4927,,2017-06-05 21:38,USD,False,5,2018-10-02 05:09,BACKER,Streetmix+ Membership (monthly),85,USER,https://opencollective.com/bhalperin28,,,
5022,,2017-06-09 06:08,USD,True,10,2017-06-09 06:08,BACKER,0,10,USER,https://opencollective.com/mrc,https://twitter.com/MRC_SLC,,https://countingpantographs.org/
5028,,2017-06-09 17:41,USD,False,5,2019-05-02 05:05,BACKER,Streetmix+ Membership (monthly),120,USER,https://opencollective.com/davecampbell62,,,
5047,,2017-06-11 16:43,USD,True,25,2017-06-11 16:43,BACKER,0,25,USER,https://opencollective.com/seanroche,,,
5183,,2017-06-21 04:53,USD,False,10,2019-02-01 05:11,BACKER,Streetmix+ Membership (monthly),210,USER,https://opencollective.com/tdelk,https://twitter.com/ToddBikePEd,,https://stewartinc.com/company/people/todd-delk-pe/
5220,,2017-06-23 09:54,USD,False,2,2019-01-02 05:06,BACKER,Streetmix+ Membership (monthly),65,USER,https://opencollective.com/apiercegardner,,,
5358,,2017-06-29 14:57,USD,False,10,2017-06-29 14:57,BACKER,Streetmix+ Membership (monthly),10,USER,https://opencollective.com/matthewjasontaylor,,,
5468,,2017-07-06 23:15,USD,True,50,2017-07-06 23:15,BACKER,0,50,USER,https://opencollective.com/ken,https://twitter.com/kennysnyder,,https://twitter.com/kennysnyder
5532,,2017-07-10 14:09,USD,True,25,2017-07-10 14:09,BACKER,0,25,USER,https://opencollective.com/cleostoughton,,,
5565,,2017-07-11 20:30,USD,True,20,2017-07-11 20:30,BACKER,0,20,USER,https://opencollective.com/frankmurphy,https://twitter.com/FrankMurphy49,,https://twitter.com/FrankMurphy49
5773,,2017-07-27 14:21,USD,True,30,2017-07-27 14:21,BACKER,0,30,USER,https://opencollective.com/rdelach,https://twitter.com/geotechie,,https://AthensBicycleClub.org
5788,,2017-07-28 09:50,USD,True,25,2017-07-28 09:50,BACKER,0,25,USER,https://opencollective.com/bjorn,,,
5878,,2017-08-02 08:26,USD,True,10,2017-08-02 08:26,BACKER,0,10,USER,https://opencollective.com/juhanavenalainen,https://twitter.com/juhana_,,https://twitter.com/juhana_
6029,,2017-08-14 04:54,USD,False,25,2017-08-14 04:54,BACKER,Streetmix+ Membership (monthly),25,USER,https://opencollective.com/gordonfoy,,,
6140,,2017-08-20 18:53,USD,True,10,2017-08-20 18:53,BACKER,0,10,USER,https://opencollective.com/patricioruizabrin,https://twitter.com/Neuve,,https://twitter.com/Neuve
6250,,2017-08-25 18:15,USD,False,5,2019-02-02 05:01,BACKER,Streetmix+ Membership (monthly),97,USER,https://opencollective.com/maxscheideman,https://twitter.com/scheidemax,,https://twitter.com/scheidemax
6374,,2017-09-04 21:33,USD,False,5,2017-10-01 22:35,BACKER,Streetmix+ Membership (monthly),10,USER,https://opencollective.com/emiliversen86,,,
6420,,2017-09-06 10:03,USD,False,5,2017-09-06 10:03,BACKER,Streetmix+ Membership (monthly),5,USER,https://opencollective.com/mordechayshenvald,,,
6675,,2017-09-12 23:28,USD,False,40,2024-05-01 03:04,BACKER,Streetmix+ Membership (monthly),3060,USER,https://opencollective.com/btopol2,,,
6694,,2017-09-13 13:24,USD,True,5,2024-08-01 18:09,BACKER,Streetmix+ Membership (monthly),185,USER,https://opencollective.com/jsloby,,,
6797,,2017-09-15 15:36,USD,False,5,2021-01-04 13:06,BACKER,Streetmix+ Membership (monthly),205,USER,https://opencollective.com/laura67,,,
6983,,2017-09-24 04:55,USD,True,1,2017-09-24 04:55,BACKER,0,1,USER,https://opencollective.com/jiaaa_yi,,,
7024,,2017-09-26 17:12,USD,False,5,2019-07-02 05:05,BACKER,Streetmix+ Membership (monthly),115,USER,https://opencollective.com/jen1,https://twitter.com/pahlkadot,,https://twitter.com/pahlkadot
7034,,2017-09-27 00:50,USD,True,2,2017-09-27 00:50,BACKER,0,2,USER,https://opencollective.com/augustoud,,,
7053,,2017-09-27 18:40,USD,True,2,2024-08-01 03:01,BACKER,Streetmix+ Membership (monthly),168,USER,https://opencollective.com/matth,https://twitter.com/matth,,
7373,,2017-10-07 15:06,USD,True,20,2017-10-07 15:06,BACKER,0,20,ORGANIZATION,https://opencollective.com/octo-sa,,,
7611,,2017-10-11 16:14,USD,False,25,2017-12-01 17:19,BACKER,Streetmix+ Membership (monthly),75,ORGANIZATION,https://opencollective.com/arup,,,
8173,,2017-10-24 18:48,USD,False,2,2018-03-02 22:49,BACKER,Streetmix+ Membership (monthly),12,USER,https://opencollective.com/barbara-handrahan,,,https://www.tri-rail.com
8904,,2017-11-06 19:14,USD,False,2,2018-08-02 05:10,BACKER,Streetmix+ Membership (monthly),20,USER,https://opencollective.com/alice-friedman,,,
9067,,2017-11-13 11:36,USD,True,2,2024-08-01 03:01,BACKER,Streetmix+ Membership (monthly),164,USER,https://opencollective.com/tom-assmann,,,
9068,,2017-11-13 11:54,USD,False,10,2017-11-13 11:54,BACKER,Streetmix+ Membership (monthly),10,USER,https://opencollective.com/teemu-pyyluoma,,,https://tolkku.blogspot.com
9173,,2017-11-17 15:15,USD,False,10,2017-11-17 15:15,BACKER,Streetmix+ Membership (monthly),10,ORGANIZATION,https://opencollective.com/movebybike,https://twitter.com/movebybike,,https://movebybike.com
10370,,2017-12-05 15:29,USD,True,50,2017-12-05 15:29,BACKER,0,50,USER,https://opencollective.com/susan-anderson,,,
10650,,2017-12-15 20:34,USD,False,10,2017-12-15 20:34,BACKER,Streetmix+ Membership (monthly),10,USER,https://opencollective.com/lauren-davini,,,
11103,,2018-01-02 22:10,USD,True,100,2018-01-02 22:10,BACKER,0,100,USER,https://opencollective.com/andrewsamuelsen,https://twitter.com/andrewsamuelsen,,
11107,,2018-01-03 04:00,USD,True,10,2018-01-03 04:00,BACKER,0,10,USER,https://opencollective.com/anonymous73,,,
11144,,2018-01-04 06:40,USD,True,10,2018-01-04 06:40,BACKER,0,10,USER,https://opencollective.com/antonsilvo,https://twitter.com/antonsilvo,,
11247,,2018-01-07 17:50,USD,False,5,2020-03-02 05:10,BACKER,Streetmix+ Membership (monthly),135,USER,https://opencollective.com/ryduh,https://twitter.com/ryduh,,https://www.ryderross.com
11272,,2018-01-08 17:43,USD,False,2,2018-07-02 05:02,BACKER,Streetmix+ Membership (monthly),14,USER,https://opencollective.com/tomasechiburu,https://twitter.com/tomasechiburu,,https://www.ecosistemashumanos.cl
11276,,2018-01-08 18:40,USD,True,10,2018-01-08 18:40,BACKER,0,10,USER,https://opencollective.com/cam-solomon,,,
11623,,2018-01-18 20:41,USD,True,10,2018-01-18 20:41,BACKER,0,10,USER,https://opencollective.com/msaplanner,https://twitter.com/msaplanner,,https://www.pgorda.us
11885,,2018-01-26 00:19,USD,True,10,2018-01-26 00:19,BACKER,0,10,USER,https://opencollective.com/ron-snow,,,https://UnivPark.org
12920,,2018-02-20 16:36,USD,False,10,2018-06-01 05:02,BACKER,Streetmix+ Membership (monthly),50,USER,https://opencollective.com/sam-goater,,,https://www.street-plans.com/
14250,,2018-03-23 19:36,USD,True,-100,2018-05-04 21:43,CONTRIBUTOR,0,0,USER,https://opencollective.com/streetmix1,https://twitter.com/streetmix,,https://streetmix.net
14518,,2018-03-28 22:33,0,True,0,2024-08-27 11:05,ADMIN,0,0,USER,https://opencollective.com/ferraoelizabeth,,,
15522,,2018-04-24 23:29,USD,True,100,2018-04-24 23:29,BACKER,0,100,USER,https://opencollective.com/ykoprowski,https://twitter.com/ykoprowski,,https://www.y2keng.com
15760,,2018-04-30 18:48,USD,False,2,2019-02-01 05:17,BACKER,Streetmix+ Membership (monthly),22,USER,https://opencollective.com/joebicycles-towork,,,
15834,,2018-05-01 20:12,USD,True,50,2018-05-01 20:12,BACKER,0,50,USER,https://opencollective.com/anita-hollmann,,,
15868,,2018-05-02 23:02,USD,False,2,2019-07-01 05:10,BACKER,Streetmix+ Membership (monthly),30,USER,https://opencollective.com/daniel-valderrama,,,
15906,,2018-05-03 12:48,USD,True,25,2018-05-03 12:48,BACKER,0,50,USER,https://opencollective.com/jv-bartlett,,,
17271,,2018-06-01 02:21,USD,True,100,2018-06-01 02:21,BACKER,0,100,USER,https://opencollective.com/eileenhahn9,https://twitter.com/EileenHahn9,,
17283,,2018-06-01 11:23,USD,True,50,2018-06-01 11:23,BACKER,0,50,USER,https://opencollective.com/regina-somerruk,,,
18177,,2018-06-23 17:54,USD,True,50,2018-06-23 17:54,BACKER,0,50,USER,https://opencollective.com/andrew-ceifetz,,,
18310,,2018-06-27 18:45,USD,True,10,2018-06-27 18:45,BACKER,0,10,USER,https://opencollective.com/jennifer-black,,,
18742,,2018-07-10 19:05,USD,True,10,2018-07-10 19:05,BACKER,0,10,USER,https://opencollective.com/anonymous786,,,
18801,,2018-07-11 21:13,USD,True,2,2024-06-01 05:00,CONTRIBUTOR,0,176,USER,https://opencollective.com/treyhahn,,,
18904,,2018-07-13 09:37,USD,False,10,2018-10-01 05:20,BACKER,Streetmix+ Membership (monthly),40,USER,https://opencollective.com/sofia-buhrgard,,,
19089,,2018-07-18 11:54,USD,True,10,2018-07-18 11:54,BACKER,0,10,USER,https://opencollective.com/fixmyberlin,https://twitter.com/fixmyberlin,,https://fixmyberlin.de
20405,,2018-08-13 12:54,USD,True,10,2018-08-13 12:54,BACKER,0,10,USER,https://opencollective.com/yige-tang,,,https://thegoodmancorp.com/
22472,,2018-09-16 17:12,USD,True,20,2018-09-16 17:12,BACKER,0,20,USER,https://opencollective.com/trwphotonanaimo,https://twitter.com/trwphotonanaimo,,
26969,@Streetmix,2018-11-27 20:06,USD,True,10,2024-05-01 14:01,CONTRIBUTOR,0,425,USER,https://opencollective.com/lou-huang,https://twitter.com/saikofish,https://github.com/louh,https://louhuang.com
26979,,2018-11-28 01:37,USD,True,250,2018-11-28 01:37,BACKER,0,250,USER,https://opencollective.com/lisa_ratner,https://twitter.com/lisa_ratner,,
27189,,2018-11-30 14:52,USD,True,-89.94,2018-12-01 03:15,CONTRIBUTOR,0,0,USER,https://opencollective.com/nmh2123,https://twitter.com/nmh2123,,https://nick-hamilton.com
28067,,2018-12-12 02:13,USD,True,100,2018-12-12 02:13,BACKER,0,100,USER,https://opencollective.com/jennifer-melot,,,
28068,,2018-12-12 02:13,0,True,0,2024-08-27 11:05,BACKER,0,100,ORGANIZATION,https://opencollective.com/triplebyte,https://twitter.com/triple_byte,,https://triplebyte.com/os/opencollective
29362,,2019-01-01 12:33,USD,False,2,2019-05-01 05:22,BACKER,Streetmix+ Membership (monthly),10,USER,https://opencollective.com/peter-smith,,,https://dashcamkarma.com/
33484,,2019-02-23 04:57,USD,False,8,2021-05-01 19:12,BACKER,Streetmix+ Membership (monthly),224,USER,https://opencollective.com/john-dierks,,,
36037,@sarapis,2019-03-22 23:56,USD,True,2,2024-08-01 01:03,BACKER,Streetmix+ Membership (monthly),132,USER,https://opencollective.com/devinbalkind,https://twitter.com/DevinBalkind,https://github.com/devinbalkind,https://devinbalkind.com
42761,,2019-06-11 23:57,USD,True,10,2019-06-11 23:57,BACKER,0,10,USER,https://opencollective.com/alek-antoniewicz,,,
46838,,2019-07-22 04:18,USD,True,10,2019-07-22 04:18,BACKER,0,10,USER,https://opencollective.com/john-david-carson,,,
51818,,2019-09-08 17:26,USD,False,2,2023-10-01 01:09,BACKER,Streetmix+ Membership (monthly),100,USER,https://opencollective.com/incognito-50651d26,,,
58056,,2019-10-17 02:14,USD,True,20,2019-10-17 02:14,BACKER,0,20,USER,https://opencollective.com/leonard-wholey,,,
64787,,2019-12-09 03:03,USD,True,100,2019-12-09 03:03,BACKER,0,100,USER,https://opencollective.com/richard-perrin,,,
88016,,2020-04-15 21:56,USD,True,3,2024-08-01 00:07,BACKER,Streetmix+ Membership (monthly),159,USER,https://opencollective.com/megan-gee,,,
90313,,2020-04-21 20:10,USD,True,100,2020-04-21 20:10,BACKER,0,100,USER,https://opencollective.com/jeremy-lechtzin,,,
92886,,2020-04-30 02:10,USD,True,2,2020-04-30 02:10,BACKER,0,2,USER,https://opencollective.com/shyane-lan,,,
118173,,2020-08-06 23:21,USD,True,10,2020-08-06 23:21,BACKER,0,10,USER,https://opencollective.com/jiatian-xu,,,
143519,,2020-11-25 00:25,0,True,0,2024-08-27 11:05,ADMIN,0,0,USER,https://opencollective.com/robert-colon,,,
149017,,2020-12-11 02:58,USD,True,5,2020-12-11 02:58,BACKER,0,5,USER,https://opencollective.com/guest-4c9b8551,,,
157922,,2021-01-08 20:41,USD,True,2,2024-08-01 07:03,BACKER,Streetmix+ Membership (monthly),88,USER,https://opencollective.com/jacobterry,,,
161308,,2021-01-21 00:05,USD,True,5,2021-01-21 00:05,BACKER,0,5,USER,https://opencollective.com/guest-7eb3d522,,,
171664,,2021-02-21 03:14,USD,True,20,2021-02-21 03:14,BACKER,0,20,USER,https://opencollective.com/guest-bb72a6a6,,,
184390,,2021-04-01 18:29,USD,True,10,2024-08-01 03:07,BACKER,Streetmix+ Membership (monthly),410,USER,https://opencollective.com/michael-kirk,,,
188590,,2021-04-17 00:06,USD,True,50,2021-04-17 00:06,BACKER,0,50,USER,https://opencollective.com/guest-3d8955a6,,,
206676,,2021-06-26 15:27,USD,True,10,2021-06-26 15:27,BACKER,0,10,USER,https://opencollective.com/patricia-deer,,,
208044,,2021-07-02 21:00,USD,True,25.24,2021-07-02 21:00,BACKER,0,25.24,USER,https://opencollective.com/guest-c725fc23,,,
209120,,2021-07-08 03:59,USD,True,3,2021-07-08 03:59,BACKER,0,3,USER,https://opencollective.com/guest-2b9efca7,,,
214784,,2021-08-02 05:44,USD,True,2,2024-08-01 11:54,BACKER,Streetmix+ Membership (monthly),74,USER,https://opencollective.com/james-lin,,,
241753,,2021-11-15 03:02,USD,True,5,2021-11-15 03:02,BACKER,0,5,USER,https://opencollective.com/guest-530370d4,,,
242930,,2021-11-18 05:24,USD,True,2,2024-08-17 11:20,BACKER,Streetmix+ Membership (monthly),68,USER,https://opencollective.com/guest-d5b4e778,,,
243937,,2021-11-22 06:29,USD,True,20,2021-11-22 06:29,BACKER,0,20,USER,https://opencollective.com/guest-ce51e5d2,,,
271174,,2022-02-02 00:13,USD,True,100,2024-08-01 14:01,BACKER,Sponsors,3100,ORGANIZATION,https://opencollective.com/3dstreet,https://twitter.com/3dstreetapp,https://github.com/3dstreet,https://www.3d.st
271496,,2022-02-03 02:28,USD,True,5,2024-06-28 11:15,BACKER,0,269,USER,https://opencollective.com/davsot,https://twitter.com/davsot,,https://www.planactionpr.com
295148,@Streetmix,2022-05-01 21:49,USD,True,10,2024-04-01 08:08,BACKER,0,425,USER,https://opencollective.com/lou-huang,https://twitter.com/saikofish,https://github.com/louh,https://louhuang.com
328595,,2022-08-29 19:57,USD,False,5,2022-11-02 05:06,BACKER,Streetmix+ Membership (monthly),15,USER,https://opencollective.com/user-74563bcf,,,
329818,,2022-09-02 00:04,USD,True,5,2024-08-01 10:04,BACKER,Streetmix+ Membership (monthly),120,USER,https://opencollective.com/user-80c0cc40,,,
330893,,2022-09-05 07:13,USD,True,5,2024-08-01 10:04,BACKER,Streetmix+ Membership (monthly),120,USER,https://opencollective.com/alex115,,,
331552,,2022-09-07 03:53,USD,True,5,2024-08-01 10:04,BACKER,Streetmix+ Membership (monthly),120,USER,https://opencollective.com/guest-646b958b,,,
332015,,2022-09-08 12:06,USD,False,5,2023-10-02 08:05,BACKER,Streetmix+ Membership (monthly),50,USER,https://opencollective.com/ben43,,,
332779,,2022-09-11 13:40,USD,False,5,2023-02-11 11:12,BACKER,Streetmix+ Membership (monthly),30,USER,https://opencollective.com/gruene-karlsruhe-ak-verkehr,,,
333780,,2022-09-14 23:36,USD,True,50,2023-09-01 20:02,BACKER,Streetmix+ Membership (yearly),100,USER,https://opencollective.com/abley-transport,,,
333801,,2022-09-15 03:15,USD,True,5,2024-08-01 09:09,BACKER,Streetmix+ Membership (monthly),120,USER,https://opencollective.com/brandon-a,,,
334377,,2022-09-16 15:34,USD,False,5,2022-11-01 12:03,BACKER,Streetmix+ Membership (monthly),10,USER,https://opencollective.com/user-3cda833e,,,
334679,,2022-09-18 05:24,USD,False,5,2023-04-02 02:05,BACKER,Streetmix+ Membership (monthly),35,USER,https://opencollective.com/user-189f532b,,,
335316,,2022-09-20 12:24,USD,True,5,2024-08-20 11:36,BACKER,Streetmix+ Membership (monthly),120,USER,https://opencollective.com/lester-chad-watkins,,,
335401,,2022-09-20 16:35,USD,False,5,2022-09-20 16:35,BACKER,Streetmix+ Membership (monthly),5,USER,https://opencollective.com/giraldeo,,,
336346,,2022-09-23 18:59,USD,False,5,2022-12-02 05:14,BACKER,Streetmix+ Membership (monthly),15,USER,https://opencollective.com/theodore-gochnour,,,
340259,,2022-10-06 17:57,USD,False,5,2023-05-01 23:09,BACKER,Streetmix+ Membership (monthly),40,USER,https://opencollective.com/odbstq,,,
340271,CONSOR Engineering,2022-10-06 18:16,USD,True,50,2023-10-01 20:01,BACKER,Streetmix+ Membership (yearly),100,USER,https://opencollective.com/lee-kenderdine,,,
341118,,2022-10-09 18:36,USD,False,5,2022-10-09 18:36,BACKER,Streetmix+ Membership (monthly),5,USER,https://opencollective.com/rui-zhong,,,
341202,,2022-10-10 02:31,USD,True,5,2024-08-01 10:05,BACKER,Streetmix+ Membership (monthly),130,USER,https://opencollective.com/user-ecced32d,,,
341370,,2022-10-10 16:43,USD,False,25,2022-11-02 04:05,BACKER,Streetmix+ Membership (monthly),50,USER,https://opencollective.com/amanda-sapala,,,
341439,,2022-10-10 19:50,USD,True,50,2023-10-01 20:03,BACKER,Streetmix+ Membership (yearly),100,USER,https://opencollective.com/corinn-beem,,,
342349,,2022-10-13 09:49,USD,False,5,2022-10-13 09:49,BACKER,Streetmix+ Membership (monthly),5,USER,https://opencollective.com/user-97f27ed1,,,
342523,,2022-10-13 20:47,USD,False,5,2023-08-01 21:09,BACKER,Streetmix+ Membership (monthly),55,USER,https://opencollective.com/abigail-a-davis,,,
342764,,2022-10-14 16:25,USD,True,5,2024-08-01 10:05,BACKER,Streetmix+ Membership (monthly),115,USER,https://opencollective.com/guest-42f71a0e,,,
342803,,2022-10-14 18:17,USD,False,5,2023-08-14 10:03,BACKER,Streetmix+ Membership (monthly),55,USER,https://opencollective.com/laura-stevens,,,
344082,,2022-10-19 13:22,USD,True,5,2024-08-01 09:10,BACKER,Streetmix+ Membership (monthly),110,USER,https://opencollective.com/user-9604f574,,,
344130,,2022-10-19 16:00,USD,True,5,2024-07-30 10:56,BACKER,Streetmix+ Membership (monthly),110,USER,https://opencollective.com/matthew-stubbs,,,
344792,,2022-10-21 17:43,USD,True,5,2024-08-01 09:10,BACKER,Streetmix+ Membership (monthly),110,USER,https://opencollective.com/guest-1d36b2ca,,,
345593,,2022-10-25 12:41,USD,True,50,2023-10-01 20:07,BACKER,Streetmix+ Membership (yearly),100,USER,https://opencollective.com/dr-ing-stefan-lehmkuehler,,,
345778,,2022-10-25 22:46,USD,False,5,2023-02-02 04:12,BACKER,Streetmix+ Membership (monthly),20,USER,https://opencollective.com/anusha1,,,
346122,,2022-10-27 05:26,USD,True,5,2024-08-01 12:06,BACKER,Streetmix+ Membership (monthly),110,USER,https://opencollective.com/kate-elliott,,,
348567,,2022-11-02 15:32,USD,True,50,2023-11-02 10:04,BACKER,Streetmix+ Membership (yearly),100,USER,https://opencollective.com/greg10,,,
349025,,2022-11-03 12:28,USD,False,5,2024-05-03 11:36,BACKER,Streetmix+ Membership (monthly),95,USER,https://opencollective.com/guest-563b96b0,,,
349680,,2022-11-04 19:17,USD,True,5,2024-08-01 12:06,BACKER,Streetmix+ Membership (monthly),110,USER,https://opencollective.com/user-795d40d4,,,
352290,,2022-11-08 16:54,USD,False,5,2022-11-08 16:54,BACKER,Streetmix+ Membership (monthly),5,USER,https://opencollective.com/user-498de51b,,,
355996,,2022-11-14 16:38,USD,False,5,2023-02-02 07:05,BACKER,Streetmix+ Membership (monthly),20,USER,https://opencollective.com/paul-stout,,,
356487,,2022-11-15 14:16,USD,True,5,2024-08-01 11:05,BACKER,Streetmix+ Membership (monthly),110,USER,https://opencollective.com/harshil-jignesh-shah,,,
360284,,2022-11-21 14:02,USD,False,5,2023-10-10 00:05,BACKER,Streetmix+ Membership (monthly),55,USER,https://opencollective.com/druta-ionut-radu,,,
360561,,2022-11-21 22:28,USD,False,5,2023-02-02 08:08,BACKER,Streetmix+ Membership (monthly),15,USER,https://opencollective.com/juan-eduardo-jairala-vallazza,,,
361210,,2022-11-23 10:28,USD,True,5,2024-08-01 14:04,BACKER,Streetmix+ Membership (monthly),105,USER,https://opencollective.com/kristi-campbell,,,
362446,,2022-11-26 02:16,USD,False,5,2023-02-02 08:17,BACKER,Streetmix+ Membership (monthly),15,USER,https://opencollective.com/javi3,,,
362561,,2022-11-26 13:32,USD,False,5,2022-11-26 13:32,BACKER,Streetmix+ Membership (monthly),5,USER,https://opencollective.com/sven6,,,
362989,,2022-11-27 21:32,USD,False,5,2024-01-01 21:02,BACKER,Streetmix+ Membership (monthly),70,USER,https://opencollective.com/phillip5,,,
363259,,2022-11-28 18:04,USD,False,5,2023-02-02 09:02,BACKER,Streetmix+ Membership (monthly),15,USER,https://opencollective.com/drew-cornell,,,
363825,,2022-11-29 18:34,USD,False,5,2023-01-02 10:20,BACKER,Streetmix+ Membership (monthly),10,USER,https://opencollective.com/jagannath-das,,,
364902,,2022-12-01 07:17,USD,False,5,2024-03-01 20:01,BACKER,Streetmix+ Membership (monthly),80,USER,https://opencollective.com/connor-bankes,,,
364942,,2022-12-01 09:25,USD,False,5,2022-12-01 09:25,BACKER,Streetmix+ Membership (monthly),5,USER,https://opencollective.com/guest-f0ca84c5,,,
365174,,2022-12-01 19:00,USD,True,50,2023-12-01 10:20,BACKER,Streetmix+ Membership (yearly),100,USER,https://opencollective.com/joe-gambino,,,
365178,,2022-12-01 19:12,USD,True,5,2024-08-01 11:07,BACKER,Streetmix+ Membership (monthly),105,USER,https://opencollective.com/guest-b9fefe46,,,
366064,,2022-12-03 15:44,USD,True,50,2023-12-01 22:04,BACKER,Streetmix+ Membership (yearly),100,USER,https://opencollective.com/jean-francois-bacon,,,
366465,,2022-12-04 17:57,USD,False,5,2023-02-02 09:13,BACKER,Streetmix+ Membership (monthly),15,USER,https://opencollective.com/zach-ashby,,,
368302,,2022-12-08 20:06,USD,True,50,2023-12-08 11:04,BACKER,Streetmix+ Membership (yearly),100,USER,https://opencollective.com/ricardo-y-morales,,,
368664,,2022-12-09 16:40,USD,False,5,2023-01-02 12:02,BACKER,Streetmix+ Membership (monthly),10,USER,https://opencollective.com/user-0a47826d,,,
368667,,2022-12-09 16:43,USD,True,100,2023-12-01 22:07,BACKER,Streetmix+ Membership (yearly),200,USER,https://opencollective.com/tom-mericle,,,
369285,,2022-12-11 19:59,USD,False,5,2022-12-11 19:59,BACKER,Streetmix+ Membership (monthly),5,USER,https://opencollective.com/marina21,,,
370409,,2022-12-13 16:47,USD,True,10,2024-08-01 15:02,BACKER,Streetmix+ Membership (monthly),210,USER,https://opencollective.com/adam-keane,,,
371261,,2022-12-15 02:31,USD,False,5,2024-02-01 21:06,BACKER,Streetmix+ Membership (monthly),75,USER,https://opencollective.com/patricio-ruiz,,,
374125,,2022-12-20 18:53,USD,True,50,2023-12-20 10:23,BACKER,Streetmix+ Membership (yearly),100,USER,https://opencollective.com/rick-stout,,,
374214,,2022-12-20 22:13,USD,False,5,2023-12-01 23:08,BACKER,Streetmix+ Membership (monthly),60,USER,https://opencollective.com/user-fddec89d,,,
377807,City of Pasco,2022-12-29 18:08,USD,False,5,2023-04-02 09:12,BACKER,Streetmix+ Membership (monthly),20,USER,https://opencollective.com/jacob-b-gonzalez,,,
379468,,2023-01-02 07:16,USD,False,5,2023-11-02 01:07,BACKER,Streetmix+ Membership (monthly),55,USER,https://opencollective.com/palo-niko,,,
380806,,2023-01-05 20:43,USD,False,5,2023-04-02 11:05,BACKER,Streetmix+ Membership (monthly),20,USER,https://opencollective.com/vadym-denysenko,,,
381274,,2023-01-07 04:44,USD,False,5,2023-04-02 11:09,BACKER,Streetmix+ Membership (monthly),20,USER,https://opencollective.com/thomas-meyer,,,
382558,,2023-01-10 17:31,USD,True,5,2024-08-01 14:09,BACKER,Streetmix+ Membership (monthly),100,USER,https://opencollective.com/mike-mohs,,,
382614,,2023-01-10 19:12,USD,True,5,2024-08-01 14:10,BACKER,Streetmix+ Membership (monthly),100,USER,https://opencollective.com/guest-14b410d0,,,
382651,,2023-01-10 20:15,USD,False,50,2023-01-10 20:15,BACKER,Streetmix+ Membership (yearly),50,USER,https://opencollective.com/guest-029a74fe,,,
382972,,2023-01-11 15:36,USD,False,5,2023-02-02 13:11,BACKER,Streetmix+ Membership (monthly),10,USER,https://opencollective.com/guest-8a72ce28,,,
385228,,2023-01-16 05:18,USD,True,50,2024-01-02 00:02,BACKER,Streetmix+ Membership (yearly),100,USER,https://opencollective.com/gordon-chaffin,,,
385461,,2023-01-16 19:42,USD,True,50,2024-01-02 00:03,BACKER,Streetmix+ Membership (yearly),100,ORGANIZATION,https://opencollective.com/gba,,,https://www.gbateam.com
386691,,2023-01-20 02:00,USD,False,5,2023-03-19 10:17,BACKER,Streetmix+ Membership (monthly),15,USER,https://opencollective.com/rikerrious-geter,,,
388479,City of Everett,2023-01-24 16:44,USD,False,50,2023-01-24 16:44,BACKER,Streetmix+ Membership (yearly),50,USER,https://opencollective.com/user-5d6fcc73,,,https://www.everettwa.gov/
388914,,2023-01-25 13:42,USD,True,50,2024-01-02 00:07,BACKER,Streetmix+ Membership (yearly),100,USER,https://opencollective.com/chris-ulmer,,,
389383,,2023-01-26 13:53,USD,False,5,2023-01-26 13:53,BACKER,Streetmix+ Membership (monthly),5,USER,https://opencollective.com/jedediah-weeks,,,
390307,,2023-01-28 22:51,USD,False,5,2023-01-28 22:51,BACKER,Streetmix+ Membership (monthly),5,USER,https://opencollective.com/zecheng,,,
390485,,2023-01-29 16:20,USD,False,5,2023-05-29 11:16,BACKER,Streetmix+ Membership (monthly),25,USER,https://opencollective.com/user-cb5e5b79,,,
391237,,2023-01-31 16:05,USD,True,5,2024-07-31 10:26,BACKER,Streetmix+ Membership (monthly),95,USER,https://opencollective.com/guest-6a5cf1e5,,,
391244,,2023-01-31 16:24,USD,False,5,2023-05-02 09:12,BACKER,Streetmix+ Membership (monthly),20,USER,https://opencollective.com/molly5,,,
392059,,2023-02-02 08:31,USD,True,50,2024-02-02 12:31,BACKER,Streetmix+ Membership (yearly),100,ORGANIZATION,https://opencollective.com/fischer-teamplan,,,
393835,,2023-02-06 15:36,USD,False,5,2023-03-06 10:53,BACKER,Streetmix+ Membership (monthly),15,USER,https://opencollective.com/guillaume-thibeault,,,
395179,,2023-02-09 14:09,USD,False,5,2023-04-02 13:09,BACKER,Streetmix+ Membership (monthly),15,USER,https://opencollective.com/howard-lan,,,
395404,,2023-02-10 00:10,USD,True,50,2024-02-09 10:43,BACKER,Streetmix+ Membership (yearly),100,USER,https://opencollective.com/user-bc30c961,,,
395754,,2023-02-10 17:48,USD,True,50,2024-02-02 00:04,BACKER,Streetmix+ Membership (yearly),100,USER,https://opencollective.com/guest-be5bf5fd,,,
396405,,2023-02-12 20:16,USD,False,5,2023-02-12 20:16,BACKER,Streetmix+ Membership (monthly),5,USER,https://opencollective.com/hedda-bakasmoen-holm,,,
396612,,2023-02-13 13:11,USD,False,50,2023-02-13 13:11,BACKER,Streetmix+ Membership (yearly),50,USER,https://opencollective.com/lindsay1,,,
397559,,2023-02-14 20:53,USD,False,5,2023-03-02 15:05,BACKER,Streetmix+ Membership (monthly),10,USER,https://opencollective.com/pluritec,,,
397957,,2023-02-15 15:10,USD,False,5,2023-12-15 11:13,BACKER,Streetmix+ Membership (monthly),55,USER,https://opencollective.com/thomas-higel,,,
398168,,2023-02-15 23:30,USD,False,5,2023-04-02 14:14,BACKER,Streetmix+ Membership (monthly),15,USER,https://opencollective.com/jalil-kianfar,,,
398582,,2023-02-16 17:30,USD,False,5,2023-05-02 13:04,BACKER,Streetmix+ Membership (monthly),15,USER,https://opencollective.com/matt38,,,
398741,,2023-02-16 22:19,USD,False,5,2024-01-16 11:21,BACKER,Streetmix+ Membership (monthly),60,USER,https://opencollective.com/wilfredo-cordero,,,
400093,,2023-02-20 00:55,USD,False,5,2023-06-02 07:09,BACKER,Streetmix+ Membership (monthly),20,USER,https://opencollective.com/isaiah-stonehouse,,,
400711,,2023-02-21 13:28,USD,False,5,2023-03-21 11:26,BACKER,Streetmix+ Membership (monthly),10,USER,https://opencollective.com/jenny13,,,
400863,Sterling Wood Church,2023-02-21 19:08,USD,False,50,2023-02-21 19:08,BACKER,Streetmix+ Membership (yearly),50,USER,https://opencollective.com/melanie-ayers,,,
401717,,2023-02-23 15:53,USD,False,5,2023-11-23 10:18,BACKER,Streetmix+ Membership (monthly),50,USER,https://opencollective.com/guest-60726dfb,,,
401739,,2023-02-23 16:42,USD,False,5,2023-02-23 16:42,BACKER,Streetmix+ Membership (monthly),5,USER,https://opencollective.com/stacey-m-sinclair,,,
401792,,2023-02-23 19:42,USD,True,5,2024-08-01 16:04,BACKER,Streetmix+ Membership (monthly),90,USER,https://opencollective.com/jarah-jacquay,,,
401923,,2023-02-24 04:13,USD,False,5,2023-06-02 12:01,BACKER,Streetmix+ Membership (monthly),20,USER,https://opencollective.com/aaron26,,,
402139,,2023-02-24 14:52,USD,True,5,2024-08-01 16:04,BACKER,Streetmix+ Membership (monthly),90,ORGANIZATION,https://opencollective.com/baxter-and-woodman-inc,,,https://baxterwoodman.com/
402341,,2023-02-24 23:17,USD,True,5,2024-08-10 00:02,BACKER,Streetmix+ Membership (monthly),90,USER,https://opencollective.com/guest-c369d752,,,
402964,,2023-02-26 17:48,USD,True,50,2024-02-02 01:03,BACKER,Streetmix+ Membership (yearly),150,USER,https://opencollective.com/brian-law,,,
404569,,2023-03-01 20:51,USD,False,50,2023-03-01 20:51,BACKER,Streetmix+ Membership (yearly),50,USER,https://opencollective.com/user-373b19a8,,,
405151,,2023-03-02 19:52,USD,True,50,2024-03-02 00:04,BACKER,Streetmix+ Membership (yearly),100,USER,https://opencollective.com/elijah5,,,
406468,,2023-03-06 11:47,USD,True,50,2024-03-06 11:41,BACKER,Streetmix+ Membership (yearly),100,USER,https://opencollective.com/guest-d0b046a0,,,
406814,,2023-03-06 21:46,USD,False,5,2023-08-23 14:48,BACKER,Streetmix+ Membership (monthly),15,USER,https://opencollective.com/ramakanth,,,
407747,,2023-03-08 08:45,USD,False,5,2023-08-02 07:08,BACKER,Streetmix+ Membership (monthly),30,USER,https://opencollective.com/hao4,,,
408471,,2023-03-09 19:35,USD,True,50,2024-03-09 10:34,BACKER,Streetmix+ Membership (yearly),100,USER,https://opencollective.com/guest-2f695edc,,,
408770,,2023-03-10 14:17,USD,True,50,2024-03-02 00:09,BACKER,Streetmix+ Membership (yearly),100,ORGANIZATION,https://opencollective.com/region-of-waterloo,,,https://www.regionofwaterloo.ca/en/exploring-the-region/transportation-and-transit.aspx
408943,,2023-03-10 21:11,USD,True,50,2024-03-02 00:09,BACKER,Streetmix+ Membership (yearly),100,USER,https://opencollective.com/guest-40c8df36,,,
409147,,2023-03-11 15:06,USD,False,5,2023-03-11 15:06,BACKER,Streetmix+ Membership (monthly),5,USER,https://opencollective.com/turcanu,,,
409388,,2023-03-12 11:13,USD,False,5,2023-03-12 11:13,BACKER,Streetmix+ Membership (monthly),5,USER,https://opencollective.com/ash-wilkie,,,
409934,,2023-03-13 23:28,USD,True,5,2024-08-13 11:04,BACKER,Streetmix+ Membership (monthly),90,USER,https://opencollective.com/guest-d4ca0a97,,,
409994,,2023-03-14 05:05,USD,True,5,2024-08-01 18:03,BACKER,Streetmix+ Membership (monthly),90,USER,https://opencollective.com/tanner-thompson,,,
410319,,2023-03-15 00:52,USD,True,5,2024-08-01 20:01,BACKER,Streetmix+ Membership (monthly),90,USER,https://opencollective.com/andrew82,,,
410506,,2023-03-15 14:15,USD,False,5,2023-05-02 16:10,BACKER,Streetmix+ Membership (monthly),15,USER,https://opencollective.com/ignacio-hinojosa,,,
410704,,2023-03-16 01:40,USD,True,5,2024-08-25 10:19,BACKER,Streetmix+ Membership (monthly),90,USER,https://opencollective.com/sean36,,,
410853,,2023-03-16 14:03,USD,True,5,2024-08-01 18:03,BACKER,Streetmix+ Membership (monthly),85,USER,https://opencollective.com/patrick-bergsma,,,
411145,,2023-03-17 07:33,USD,False,5,2023-11-02 05:06,BACKER,Streetmix+ Membership (monthly),40,USER,https://opencollective.com/fulin,,,
412368,,2023-03-20 13:41,USD,True,50,2024-03-02 01:03,BACKER,Streetmix+ Membership (yearly),100,USER,https://opencollective.com/guest-6fbfa0f7,,,
412917,,2023-03-21 15:47,USD,False,5,2023-06-02 11:07,BACKER,Streetmix+ Membership (monthly),15,USER,https://opencollective.com/sean-smith1,,,
414554,,2023-03-25 01:11,USD,True,50,2024-03-02 01:06,BACKER,Streetmix+ Membership (yearly),100,USER,https://opencollective.com/community-design-group,,,
415673,,2023-03-28 15:21,USD,True,50,2024-03-02 01:07,BACKER,Streetmix+ Membership (yearly),100,USER,https://opencollective.com/marshall-hines,,,
416009,,2023-03-29 14:26,USD,False,5,2023-05-02 14:03,BACKER,Streetmix+ Membership (monthly),10,USER,https://opencollective.com/caitlin,,,
416620,,2023-03-31 08:27,USD,True,5,2024-07-31 10:32,BACKER,Streetmix+ Membership (monthly),85,USER,https://opencollective.com/zachary-osborn,,,
416749,,2023-03-31 15:26,USD,False,5,2023-07-31 10:30,BACKER,Streetmix+ Membership (monthly),25,USER,https://opencollective.com/benjamin-deem,,,
416782,,2023-03-31 16:42,USD,False,5,2024-01-02 03:07,BACKER,Streetmix+ Membership (monthly),50,USER,https://opencollective.com/charla,,,
416938,,2023-03-31 23:20,USD,True,5,2024-08-01 16:07,BACKER,Streetmix+ Membership (monthly),85,USER,https://opencollective.com/pansophx-inc,,,
417537,,2023-04-03 09:34,USD,False,5,2023-09-02 07:11,BACKER,Streetmix+ Membership (monthly),30,USER,https://opencollective.com/florian-haiart,,,
418324,,2023-04-05 11:39,USD,False,5,2023-06-02 10:09,BACKER,Streetmix+ Membership (monthly),15,USER,https://opencollective.com/pablo-lujan-garcia,,,
419438,,2023-04-08 17:48,USD,False,5,2023-05-02 14:12,BACKER,Streetmix+ Membership (monthly),10,USER,https://opencollective.com/amy-dinter,,,
420014,,2023-04-11 00:01,USD,False,5,2023-09-02 08:04,BACKER,Streetmix+ Membership (monthly),30,USER,https://opencollective.com/leslie-rafaela-rios-cruz,,,
420659,,2023-04-12 15:46,USD,False,5,2023-04-12 15:46,BACKER,Streetmix+ Membership (monthly),5,USER,https://opencollective.com/taigue,,,
420967,,2023-04-13 14:18,USD,True,5,2024-08-01 16:10,BACKER,Streetmix+ Membership (monthly),85,ORGANIZATION,https://opencollective.com/bikemore,,,https://www.bikemore.net
421327,,2023-04-14 14:38,USD,False,5,2023-05-02 15:10,BACKER,Streetmix+ Membership (monthly),10,USER,https://opencollective.com/andrew-fleetwood,,,
423331,,2023-04-20 16:46,USD,False,5,2023-08-02 10:03,BACKER,Streetmix+ Membership (monthly),20,USER,https://opencollective.com/javier18,,,
423515,,2023-04-21 02:28,USD,False,5,2023-04-21 02:28,BACKER,Streetmix+ Membership (monthly),5,USER,https://opencollective.com/jhon-rodriguez1,,,
424646,,2023-04-24 15:36,USD,True,50,2024-04-01 18:08,BACKER,Streetmix+ Membership (yearly),100,USER,https://opencollective.com/ville-de-sainte-therese,,,
425255,,2023-04-26 03:08,USD,False,5,2023-08-02 10:06,BACKER,Streetmix+ Membership (monthly),20,USER,https://opencollective.com/brisa3,,,
425846,,2023-04-27 17:14,USD,True,50,2024-04-01 18:09,BACKER,Streetmix+ Membership (yearly),105,USER,https://opencollective.com/sidney-green,,,
425847,,2023-04-27 17:18,USD,False,5,2023-04-27 17:18,BACKER,Streetmix+ Membership (monthly),105,USER,https://opencollective.com/sidney-green,,,
426897,,2023-05-01 15:43,USD,True,5,2024-08-01 20:02,BACKER,Streetmix+ Membership (monthly),80,USER,https://opencollective.com/guest-12ab7ea6,,,
427755,@implanchihuahua,2023-05-03 20:52,USD,True,50,2024-05-08 15:17,BACKER,Streetmix+ Membership (yearly),100,USER,https://opencollective.com/instituto-de-planeacion-integral-del-municipio-de-chihuahua,,,
428235,,2023-05-05 01:55,USD,False,5,2023-07-14 11:20,BACKER,Streetmix+ Membership (monthly),15,USER,https://opencollective.com/joseph-ibanga,,,
428438,,2023-05-05 14:32,USD,True,50,2024-05-05 11:34,BACKER,Streetmix+ Membership (yearly),100,USER,https://opencollective.com/james90,,,
429926,,2023-05-09 16:20,USD,False,5,2023-06-02 12:06,BACKER,Streetmix+ Membership (monthly),10,USER,https://opencollective.com/kalyan1,,,
430067,,2023-05-09 23:51,USD,False,5,2024-05-09 11:32,BACKER,Streetmix+ Membership (monthly),65,USER,https://opencollective.com/glenn3,,,
430270,,2023-05-10 13:29,USD,False,5,2023-08-02 11:04,BACKER,Streetmix+ Membership (monthly),20,USER,https://opencollective.com/matthew-horton,,,
430281,,2023-05-10 13:51,USD,True,5,2024-08-01 17:05,BACKER,Streetmix+ Membership (monthly),80,USER,https://opencollective.com/guest-94280c53,,,
430692,,2023-05-11 08:49,USD,False,5,2023-08-02 11:04,BACKER,Streetmix+ Membership (monthly),20,USER,https://opencollective.com/user-1afa78cf,,,
432428,,2023-05-16 08:17,USD,True,5,2024-08-16 11:26,BACKER,Streetmix+ Membership (monthly),80,USER,https://opencollective.com/guest-d1ae9c6a,,,
432584,,2023-05-16 16:07,USD,False,5,2023-10-02 08:08,BACKER,Streetmix+ Membership (monthly),25,USER,https://opencollective.com/guest-3cbbfe5e,,,
433055,,2023-05-18 00:24,USD,True,5,2024-08-17 11:20,BACKER,Streetmix+ Membership (monthly),80,USER,https://opencollective.com/philip-lacombe,,,
433754,,2023-05-20 07:43,USD,True,50,2024-05-20 10:27,BACKER,Streetmix+ Membership (yearly),100,USER,https://opencollective.com/christian-linow,,,
434294,,2023-05-22 01:56,USD,False,5,2023-08-02 11:09,BACKER,Streetmix+ Membership (monthly),15,USER,https://opencollective.com/john-kuehlman,,,
435097,,2023-05-23 14:30,USD,False,5,2024-02-02 04:08,BACKER,Streetmix+ Membership (monthly),45,USER,https://opencollective.com/david-marek,,,
436534,,2023-05-27 06:23,USD,True,5,2024-08-26 10:59,BACKER,Streetmix+ Membership (monthly),80,USER,https://opencollective.com/guest-9fbbdba3,,,
436917,,2023-05-28 16:33,USD,True,50,2024-05-01 18:06,BACKER,Streetmix+ Membership (yearly),100,ORGANIZATION,https://opencollective.com/hudcostreets,https://twitter.com/hudcostreets,,https://hudcostreets.org/
437773,@thebighouseco,2023-05-30 20:42,USD,False,5,2023-11-02 08:09,BACKER,Streetmix+ Membership (monthly),30,USER,https://opencollective.com/tom-fox,https://twitter.com/t0mfox,https://github.com/TomWFox,
438056,,2023-05-31 16:53,USD,False,5,2023-12-31 10:04,BACKER,Streetmix+ Membership (monthly),40,USER,https://opencollective.com/josh42,,,
439793,,2023-06-05 13:13,USD,False,5,2023-08-02 12:07,BACKER,Streetmix+ Membership (monthly),30,USER,https://opencollective.com/gabriel24,,,
441279,,2023-06-08 21:31,USD,True,5,2024-08-01 18:06,BACKER,Streetmix+ Membership (monthly),75,USER,https://opencollective.com/guest-2d4418d3,,,
444235,,2023-06-16 09:27,USD,True,5,2024-08-16 11:33,BACKER,Streetmix+ Membership (monthly),75,USER,https://opencollective.com/heather-scully,,,
444300,,2023-06-16 12:34,USD,False,5,2023-06-16 12:34,BACKER,Streetmix+ Membership (monthly),5,USER,https://opencollective.com/lehmann485,,,
445879,,2023-06-20 18:00,USD,True,50,2024-06-01 18:09,BACKER,Streetmix+ Membership (yearly),100,USER,https://opencollective.com/guest-afc95e62,,,
447143,,2023-06-23 16:15,USD,True,5,2024-07-01 20:05,BACKER,Streetmix+ Membership (monthly),65,USER,https://opencollective.com/user-e7cbc238,,,
447309,,2023-06-23 23:18,USD,True,50,2024-06-23 11:15,BACKER,Streetmix+ Membership (yearly),100,USER,https://opencollective.com/incognito-aa29c2b9,,,
448406,,2023-06-27 07:24,USD,False,5,2024-01-02 07:03,BACKER,Streetmix+ Membership (monthly),35,USER,https://opencollective.com/noemi,,,
448591,,2023-06-27 15:45,USD,True,5,2024-08-01 23:04,BACKER,Streetmix+ Membership (monthly),70,USER,https://opencollective.com/psi,,,
449918,,2023-06-30 20:18,USD,False,50,2023-06-30 20:18,BACKER,Streetmix+ Membership (yearly),50,USER,https://opencollective.com/lou-lepping,,,
449940,,2023-06-30 21:30,USD,False,5,2023-08-02 14:06,BACKER,Streetmix+ Membership (monthly),10,USER,https://opencollective.com/luis-chacon1,,,
450148,,2023-07-01 13:20,USD,False,5,2023-09-01 10:22,BACKER,Streetmix+ Membership (monthly),15,USER,https://opencollective.com/bastian-wons,,,
451760,,2023-07-04 14:59,USD,True,-50,2024-08-16 18:46,BACKER,Streetmix+ Membership (yearly),50,USER,https://opencollective.com/user-3ca92604,,,
452145,,2023-07-05 11:25,USD,True,50,2024-07-01 18:09,BACKER,Streetmix+ Membership (yearly),100,USER,https://opencollective.com/kevin-chavous,,,
452875,,2023-07-06 15:55,USD,False,5,2023-08-06 10:33,BACKER,Streetmix+ Membership (monthly),10,USER,https://opencollective.com/jorge-bustamante,,,
454459,,2023-07-10 22:28,USD,True,50,2024-07-01 20:08,BACKER,Streetmix+ Membership (yearly),100,USER,https://opencollective.com/imran-ghani,,,
455162,,2023-07-12 15:32,USD,False,5,2023-11-12 11:35,BACKER,Streetmix+ Membership (monthly),25,USER,https://opencollective.com/yllir,,,
455456,,2023-07-13 09:31,USD,False,5,2024-05-01 20:07,BACKER,Streetmix+ Membership (monthly),55,USER,https://opencollective.com/thomas-coutand,,,
455577,,2023-07-13 15:07,USD,True,50,2024-07-01 18:11,BACKER,Streetmix+ Membership (yearly),100,USER,https://opencollective.com/incognito-2faf3f7b,,,
455945,,2023-07-14 17:19,USD,False,5,2023-08-02 15:09,BACKER,Streetmix+ Membership (monthly),10,USER,https://opencollective.com/makena-gove,,,
456745,,2023-07-17 01:26,USD,True,5,2024-08-16 10:25,BACKER,Streetmix+ Membership (monthly),70,USER,https://opencollective.com/user-55d30403,,,
456843,,2023-07-17 08:59,USD,False,50,2023-07-17 08:59,BACKER,Streetmix+ Membership (yearly),50,USER,https://opencollective.com/tobaba,,,
456973,,2023-07-17 14:32,USD,False,5,2024-03-21 00:02,BACKER,Streetmix+ Membership (monthly),40,USER,https://opencollective.com/justin-boy,,,
457170,,2023-07-18 02:25,USD,False,-5,2023-07-20 01:55,BACKER,Streetmix+ Membership (monthly),0,USER,https://opencollective.com/feferufos,,,
457381,,2023-07-18 15:06,USD,False,50,2023-07-18 15:06,BACKER,Streetmix+ Membership (yearly),50,USER,https://opencollective.com/guest-e80bfbfe,,,
458158,,2023-07-20 15:19,USD,True,5,2024-08-01 18:10,BACKER,Streetmix+ Membership (monthly),65,USER,https://opencollective.com/guest-dc7b2463,,,
460101,,2023-07-25 06:01,USD,False,-5,2023-09-25 21:44,BACKER,Streetmix+ Membership (monthly),10,USER,https://opencollective.com/guest-34a45b3f,,,
460251,,2023-07-25 14:43,USD,True,100,2024-07-01 21:04,BACKER,Streetmix+ Membership (yearly),200,USER,https://opencollective.com/peter-vickerman,,,
462281,,2023-07-30 15:32,USD,True,5,2024-08-01 19:08,BACKER,Streetmix+ Membership (monthly),65,USER,https://opencollective.com/guest-92f581e3,,,
462838,,2023-07-31 21:42,USD,False,5,2023-11-02 12:06,BACKER,Streetmix+ Membership (monthly),20,USER,https://opencollective.com/josh37,,,
462871,,2023-08-01 00:02,USD,False,5,2024-01-02 09:03,BACKER,Streetmix+ Membership (monthly),30,USER,https://opencollective.com/lucien-ong,,,
463346,,2023-08-02 03:31,USD,True,5,2024-07-01 21:07,BACKER,Streetmix+ Membership (monthly),60,USER,https://opencollective.com/gradoblog-almaty,,,
463642,,2023-08-02 16:45,USD,True,5,2024-07-01 21:07,BACKER,Streetmix+ Membership (monthly),60,USER,https://opencollective.com/karla-salas,,,
464668,,2023-08-04 20:55,USD,False,5,2024-02-02 08:04,BACKER,Streetmix+ Membership (monthly),35,USER,https://opencollective.com/dominic7,,,
464692,,2023-08-04 22:31,USD,False,5,2024-05-04 11:31,BACKER,Streetmix+ Membership (monthly),50,USER,https://opencollective.com/pedro-poucel,,,
464721,,2023-08-05 01:23,USD,False,5,2024-02-02 08:04,BACKER,Streetmix+ Membership (monthly),35,USER,https://opencollective.com/caroline16,,,
464777,,2023-08-05 06:38,USD,False,5,2024-02-02 08:04,BACKER,Streetmix+ Membership (monthly),35,USER,https://opencollective.com/maria49,,,
464864,,2023-08-05 13:09,USD,False,5,2023-12-05 11:52,BACKER,Streetmix+ Membership (monthly),25,USER,https://opencollective.com/guest-7dee5350,,,
465587,,2023-08-07 13:13,USD,True,5,2024-08-07 10:58,BACKER,Streetmix+ Membership (monthly),65,USER,https://opencollective.com/tiberiu,,,
466588,,2023-08-09 16:37,USD,False,5,2023-09-02 15:09,BACKER,Streetmix+ Membership (monthly),10,USER,https://opencollective.com/nick37,,,
466638,,2023-08-09 20:02,USD,False,50,2023-08-09 20:02,BACKER,Streetmix+ Membership (yearly),50,USER,https://opencollective.com/guest-c127c439,,,
467084,,2023-08-10 21:23,USD,True,5,2024-08-02 00:02,BACKER,Streetmix+ Membership (monthly),65,USER,https://opencollective.com/guest-382715ec,,,
467122,,2023-08-10 22:51,USD,True,5,2024-08-01 20:03,BACKER,Streetmix+ Membership (monthly),65,USER,https://opencollective.com/guest-a985d335,,,
467136,,2023-08-10 23:12,USD,False,5,2023-08-10 23:12,BACKER,Streetmix+ Membership (monthly),5,USER,https://opencollective.com/christian32,,,
467563,,2023-08-11 23:19,USD,True,5,2024-08-01 20:03,BACKER,Streetmix+ Membership (monthly),65,USER,https://opencollective.com/bryan15,,,
468375,,2023-08-14 18:24,USD,False,5,2023-12-02 11:07,BACKER,Streetmix+ Membership (monthly),25,USER,https://opencollective.com/guest-17c95fd6,,,
470741,,2023-08-21 01:05,USD,True,50,2024-08-02 01:02,BACKER,Streetmix+ Membership (yearly),100,USER,https://opencollective.com/guest-52201953,,,
472294,,2023-08-24 14:51,USD,True,50,2024-08-02 02:01,BACKER,Streetmix+ Membership (yearly),100,USER,https://opencollective.com/david-bemporad,,,
474070,,2023-08-29 20:33,USD,True,50,2024-08-02 01:03,BACKER,Streetmix+ Membership (yearly),100,USER,https://opencollective.com/guest-2d9f2be1,,,
475169,,2023-09-01 13:33,USD,True,5,2024-08-01 10:41,BACKER,Streetmix+ Membership (monthly),60,USER,https://opencollective.com/user-b52e730f,,,
475924,,2023-09-03 15:56,USD,False,5,2023-09-03 15:56,BACKER,Streetmix+ Membership (monthly),5,USER,https://opencollective.com/jay40,,,
476913,,2023-09-06 00:00,USD,False,5,2024-03-02 08:05,BACKER,Streetmix+ Membership (monthly),35,USER,https://opencollective.com/valleykid,,,
477163,,2023-09-06 15:05,USD,True,5,2024-07-03 01:02,BACKER,Streetmix+ Membership (monthly),55,USER,https://opencollective.com/jeffrey-noffsinger,,,
477316,,2023-09-06 22:09,USD,False,5,2023-09-06 22:10,BACKER,Streetmix+ Membership (monthly),10,USER,https://opencollective.com/user-de4e361c,,,
477319,,2023-09-06 22:10,USD,True,5,2023-09-06 22:09,BACKER,0,10,USER,https://opencollective.com/user-de4e361c,,,
477320,,2023-09-06 22:15,USD,False,5,2023-09-06 22:15,BACKER,Streetmix+ Membership (monthly),5,USER,https://opencollective.com/taylor-whitaker1,,,
477364,,2023-09-07 01:26,USD,False,5,2023-11-02 14:06,BACKER,Streetmix+ Membership (monthly),15,USER,https://opencollective.com/bibiana-burghardt1,,,
477492,,2023-09-07 09:47,USD,False,5,2023-09-07 09:47,BACKER,Streetmix+ Membership (monthly),5,USER,https://opencollective.com/romain2,,,
478009,,2023-09-08 12:32,USD,False,5,2023-09-08 12:32,BACKER,Streetmix+ Membership (monthly),5,USER,https://opencollective.com/user-1e0b0fef,,,
478088,,2023-09-08 15:36,USD,False,5,2023-10-02 15:06,BACKER,Streetmix+ Membership (monthly),10,ORGANIZATION,https://opencollective.com/cmoving,,,
479807,,2023-09-13 05:17,USD,False,5,2023-09-13 05:17,BACKER,Streetmix+ Membership (monthly),5,USER,https://opencollective.com/user-4ec7546c,,,
482170,,2023-09-19 16:10,USD,True,5,2024-08-01 20:07,BACKER,Streetmix+ Membership (monthly),55,USER,https://opencollective.com/cinthia1,,,
482574,,2023-09-20 16:23,USD,False,5,2023-09-20 16:23,BACKER,Streetmix+ Membership (monthly),5,USER,https://opencollective.com/ruth9,,,
483311,,2023-09-22 16:17,USD,True,50,2023-09-22 16:17,BACKER,Streetmix+ Membership (yearly),50,USER,https://opencollective.com/georgia-sierra-club-transportation-committee,,,
483339,,2023-09-22 17:54,USD,True,5,2024-08-01 21:04,BACKER,Streetmix+ Membership (monthly),55,USER,https://opencollective.com/sergio16,,,
485497,,2023-09-28 20:33,USD,True,50,2023-09-28 20:33,BACKER,Streetmix+ Membership (yearly),50,USER,https://opencollective.com/user-09e30d4b,,,
487276,,2023-10-03 12:43,USD,False,5,2024-05-01 22:09,BACKER,Streetmix+ Membership (monthly),40,USER,https://opencollective.com/patrice1,,,
487660,,2023-10-04 09:55,USD,False,-5,2023-10-06 20:41,BACKER,Streetmix+ Membership (monthly),0,USER,https://opencollective.com/sahil5,,https://github.com/Sahilmathur1995,https://github.com/Sahilmathur1995
487774,,2023-10-04 14:17,USD,True,50,2023-10-04 14:17,BACKER,Streetmix+ Membership (yearly),50,USER,https://opencollective.com/guest-1a77259d,,,
488564,,2023-10-06 14:38,USD,False,5,2023-10-06 14:38,BACKER,Streetmix+ Membership (monthly),5,USER,https://opencollective.com/andrew64,,,
489243,,2023-10-08 17:23,USD,False,5,2023-10-08 17:23,BACKER,Streetmix+ Membership (monthly),5,USER,https://opencollective.com/filipe-berbert-miranda,,,
490035,,2023-10-10 18:55,USD,True,5,2024-07-10 11:20,BACKER,Streetmix+ Membership (monthly),50,USER,https://opencollective.com/christine15,,,
490797,,2023-10-12 17:56,USD,False,5,2023-12-12 10:40,BACKER,Streetmix+ Membership (monthly),15,USER,https://opencollective.com/chris106,,,
492517,,2023-10-17 23:55,USD,False,5,2024-02-02 11:08,BACKER,Streetmix+ Membership (monthly),20,USER,https://opencollective.com/alula,,,
492614,,2023-10-18 08:57,USD,False,5,2023-11-18 11:16,BACKER,Streetmix+ Membership (monthly),10,USER,https://opencollective.com/alan24,,,
493094,,2023-10-19 10:24,USD,True,5,2024-08-01 21:05,BACKER,Streetmix+ Membership (monthly),50,USER,https://opencollective.com/cindi,,,
493188,,2023-10-19 14:05,USD,True,50,2023-10-19 14:05,BACKER,Streetmix+ Membership (yearly),50,USER,https://opencollective.com/scipi,,,
493506,,2023-10-20 12:43,USD,True,5,2024-08-02 01:04,BACKER,Streetmix+ Membership (monthly),50,USER,https://opencollective.com/dominique1,,,
494460,,2023-10-23 16:08,USD,True,50,2023-10-23 16:08,BACKER,Streetmix+ Membership (yearly),50,USER,https://opencollective.com/rs-and-h,,,
494846,,2023-10-24 07:15,USD,True,5,2024-08-01 23:07,BACKER,Streetmix+ Membership (monthly),55,USER,https://opencollective.com/alex-sdoukopoulos,,,
495593,,2023-10-25 15:41,USD,False,5,2023-10-25 15:41,BACKER,Streetmix+ Membership (monthly),5,USER,https://opencollective.com/younes-rhazi,,,
495998,,2023-10-26 16:33,USD,True,5,2024-08-01 21:06,BACKER,Streetmix+ Membership (monthly),50,USER,https://opencollective.com/guest-417247b7,,,
497419,,2023-10-31 12:37,USD,True,50,2023-10-31 12:37,BACKER,Streetmix+ Membership (yearly),50,USER,https://opencollective.com/cody-owenby1,,,
497950,,2023-11-01 20:49,USD,False,5,2024-03-01 12:27,BACKER,Streetmix+ Membership (monthly),25,USER,https://opencollective.com/guest-751df668,,,
498500,SYNECDOCHE,2023-11-03 13:55,USD,True,50,2023-11-03 13:55,BACKER,Streetmix+ Membership (yearly),50,USER,https://opencollective.com/lisauve,,,
498743,,2023-11-03 22:20,USD,True,50,2023-11-03 22:20,BACKER,Streetmix+ Membership (yearly),50,USER,https://opencollective.com/guest-173fc379,,,
499101,USYD,2023-11-05 04:36,USD,False,-5,2023-12-13 22:18,BACKER,Streetmix+ Membership (monthly),5,USER,https://opencollective.com/user-f996b1d7,,,
499306,,2023-11-06 02:03,USD,True,5,2024-08-02 06:00,BACKER,Streetmix+ Membership (monthly),50,USER,https://opencollective.com/user-60a83fae,,,
499471,,2023-11-06 16:14,USD,False,5,2024-01-06 10:18,BACKER,Streetmix+ Membership (monthly),15,USER,https://opencollective.com/molly10,,,
500602,,2023-11-09 22:19,USD,False,5,2023-11-09 22:19,BACKER,Streetmix+ Membership (monthly),5,USER,https://opencollective.com/niko-elsen,,,
500924,,2023-11-10 20:45,USD,True,50,2023-11-10 20:45,BACKER,Streetmix+ Membership (yearly),50,USER,https://opencollective.com/user-9f60ef5a,,,
501365,,2023-11-12 18:49,USD,False,5,2023-12-02 16:10,BACKER,Streetmix+ Membership (monthly),20,USER,https://opencollective.com/aubrey3,,,
501694,,2023-11-13 16:30,USD,True,5,2024-08-01 22:07,BACKER,Streetmix+ Membership (monthly),50,USER,https://opencollective.com/kait,,,
502026,,2023-11-14 14:36,USD,True,5,2024-08-01 21:10,BACKER,Streetmix+ Membership (monthly),50,USER,https://opencollective.com/user-8192297c,,,
502041,,2023-11-14 15:38,USD,True,5,2024-08-14 10:36,BACKER,Streetmix+ Membership (monthly),50,USER,https://opencollective.com/guest-56d22720,,,
502090,,2023-11-14 18:19,USD,True,5,2024-08-01 23:07,BACKER,Streetmix+ Membership (monthly),50,USER,https://opencollective.com/eric61,,,
502556,,2023-11-16 02:19,USD,False,5,2024-05-01 23:04,BACKER,Streetmix+ Membership (monthly),30,USER,https://opencollective.com/user-3d30a247,,,
502786,,2023-11-16 19:14,USD,True,50,2023-11-16 19:14,BACKER,Streetmix+ Membership (yearly),50,USER,https://opencollective.com/marc23,,,
504542,,2023-11-22 17:36,USD,False,5,2023-11-22 17:36,BACKER,Streetmix+ Membership (monthly),5,USER,https://opencollective.com/rafael14,,,
504755,,2023-11-23 11:28,USD,True,50,2023-11-23 11:28,BACKER,Streetmix+ Membership (yearly),50,USER,https://opencollective.com/jacob-curtis,,,
504792,,2023-11-23 15:06,USD,True,50,2023-11-23 15:06,BACKER,Streetmix+ Membership (yearly),50,USER,https://opencollective.com/bart10,,,
507418,,2023-11-30 13:54,USD,False,5,2024-01-02 16:02,BACKER,Streetmix+ Membership (monthly),10,USER,https://opencollective.com/joao9,,,
507503,,2023-11-30 18:35,USD,True,5,2024-04-02 06:04,BACKER,0,30,USER,https://opencollective.com/eliza5,,,
508009,,2023-12-01 22:33,USD,False,5,2024-06-01 11:38,BACKER,Streetmix+ Membership (monthly),35,USER,https://opencollective.com/james127,,,
508985,,2023-12-04 19:47,USD,False,5,2024-03-02 12:11,BACKER,Streetmix+ Membership (monthly),30,USER,https://opencollective.com/eliza5,,,
509976,,2023-12-07 14:23,USD,True,5,2024-08-01 22:10,BACKER,Streetmix+ Membership (monthly),45,USER,https://opencollective.com/guest-0e08d59e,,,
510189,,2023-12-08 02:25,USD,False,5,2023-12-08 02:25,BACKER,Streetmix+ Membership (monthly),5,USER,https://opencollective.com/julian30,,,
510508,,2023-12-08 21:38,USD,False,5,2023-12-08 21:38,BACKER,Streetmix+ Membership (monthly),5,USER,https://opencollective.com/nan1,,,
512588,,2023-12-14 22:04,USD,True,50,2023-12-14 22:04,BACKER,Streetmix+ Membership (yearly),50,USER,https://opencollective.com/mitchell-rasor,,,
514032,,2023-12-18 23:29,USD,False,5,2024-03-02 13:08,BACKER,Streetmix+ Membership (monthly),15,USER,https://opencollective.com/elvis3,,,
514842,,2023-12-21 02:35,USD,True,50,2023-12-21 02:35,BACKER,Streetmix+ Membership (yearly),50,USER,https://opencollective.com/ktua,,,
516560,,2023-12-26 11:06,USD,True,5,2024-08-02 00:06,BACKER,Streetmix+ Membership (monthly),40,USER,https://opencollective.com/guest-1678ecdc,,,
516981,,2023-12-27 13:53,USD,True,5,2024-08-02 02:03,BACKER,Streetmix+ Membership (monthly),40,USER,https://opencollective.com/guest-530477cc,,,
517013,,2023-12-27 15:54,USD,False,5,2024-03-02 14:03,BACKER,Streetmix+ Membership (monthly),15,USER,https://opencollective.com/vincent-devos1,,,
517022,,2023-12-27 16:14,USD,True,5,2024-08-27 10:28,BACKER,Streetmix+ Membership (monthly),45,USER,https://opencollective.com/user-3161be69,,,
517335,,2023-12-28 10:21,USD,False,5,2024-01-28 10:58,BACKER,Streetmix+ Membership (monthly),10,USER,https://opencollective.com/dan47,,,
517471,Transpo Group,2023-12-28 18:06,USD,False,5,2024-06-02 01:11,BACKER,Streetmix+ Membership (monthly),30,USER,https://opencollective.com/linda19,,,
519455,,2024-01-02 23:37,USD,False,5,2024-03-02 14:08,BACKER,Streetmix+ Membership (monthly),15,USER,https://opencollective.com/emily-monroe,,,
520326,,2024-01-05 16:21,USD,False,5,2024-01-05 16:21,BACKER,Streetmix+ Membership (monthly),5,USER,https://opencollective.com/omkar3,,,
520423,,2024-01-06 00:37,USD,True,5,2024-08-05 10:06,BACKER,Streetmix+ Membership (monthly),40,USER,https://opencollective.com/user-8dad9f21,,,
522091,,2024-01-11 04:17,0,True,0,2024-08-27 11:05,FOLLOWER,0,0,USER,https://opencollective.com/johan-andrade,,,
522319,,2024-01-11 17:46,USD,False,10,2024-02-02 17:04,BACKER,Streetmix+ Membership (monthly),20,USER,https://opencollective.com/thomas76,,,
522801,,2024-01-12 21:28,USD,True,5,2024-08-12 11:26,BACKER,Streetmix+ Membership (monthly),40,USER,https://opencollective.com/summer6,,,
523544,,2024-01-15 04:38,USD,False,5,2024-03-14 11:29,BACKER,Streetmix+ Membership (monthly),15,USER,https://opencollective.com/ziwei,,,
524006,,2024-01-16 01:47,USD,True,5,2024-08-15 11:26,BACKER,Streetmix+ Membership (monthly),40,USER,https://opencollective.com/stefanie2,,,
524252,,2024-01-16 15:27,USD,True,5,2024-08-02 01:09,BACKER,Streetmix+ Membership (monthly),35,USER,https://opencollective.com/guest-d6f6d7c2,,,
525595,,2024-01-19 19:45,USD,True,50,2024-01-19 19:45,BACKER,Streetmix+ Membership (yearly),50,USER,https://opencollective.com/guest-746552a9,,,
526669,,2024-01-22 18:37,USD,True,50,2024-01-22 18:37,BACKER,Streetmix+ Membership (yearly),50,USER,https://opencollective.com/user-b99a426a,,,
527017,,2024-01-23 14:23,USD,True,5,2024-08-02 07:01,BACKER,Streetmix+ Membership (monthly),40,USER,https://opencollective.com/donovan3,,,
528170,,2024-01-25 21:44,USD,False,5,2024-04-02 08:06,BACKER,Streetmix+ Membership (monthly),15,USER,https://opencollective.com/user-73b5e97e,,,
528956,,2024-01-28 17:09,USD,True,5,2024-08-02 03:03,BACKER,Streetmix+ Membership (monthly),35,USER,https://opencollective.com/flachzange,,,
529666,,2024-01-30 18:45,USD,False,5,2024-04-02 08:10,BACKER,Streetmix+ Membership (monthly),15,USER,https://opencollective.com/kyan,,,
529804,,2024-01-31 01:37,USD,True,5,2024-08-02 03:04,BACKER,Streetmix+ Membership (monthly),35,USER,https://opencollective.com/domenica2,,,
530187,,2024-01-31 21:17,USD,True,5,2024-07-31 11:19,BACKER,Streetmix+ Membership (monthly),35,USER,https://opencollective.com/james117,,,
530918,,2024-02-02 12:06,USD,True,50,2024-02-02 12:06,BACKER,Streetmix+ Membership (yearly),50,USER,https://opencollective.com/guest-a2287f6b,,,
530945,,2024-02-02 14:37,USD,True,5,2024-07-03 03:08,BACKER,Streetmix+ Membership (monthly),30,USER,https://opencollective.com/sshum,,,
531005,,2024-02-02 18:17,USD,True,5,2024-08-02 02:06,BACKER,Streetmix+ Membership (monthly),35,USER,https://opencollective.com/guest-af20c74c,,,
531570,,2024-02-04 17:52,USD,True,5,2024-07-04 10:41,BACKER,Streetmix+ Membership (monthly),30,USER,https://opencollective.com/tom_m,,,
532782,,2024-02-07 17:16,USD,True,5,2024-08-02 02:07,BACKER,Streetmix+ Membership (monthly),35,USER,https://opencollective.com/steve-riehle,,,
533172,,2024-02-08 18:59,USD,True,5,2024-08-02 03:05,BACKER,Streetmix+ Membership (monthly),35,USER,https://opencollective.com/guest-c4cfc122,,,
533459,,2024-02-09 15:31,USD,False,5,2024-02-09 15:31,BACKER,Streetmix+ Membership (monthly),5,USER,https://opencollective.com/jdyork,,,
534406,,2024-02-12 15:32,USD,True,5,2024-08-02 02:08,BACKER,Streetmix+ Membership (monthly),35,USER,https://opencollective.com/josh45,,,
534451,,2024-02-12 17:13,USD,False,5,2024-02-12 17:13,BACKER,Streetmix+ Membership (monthly),5,USER,https://opencollective.com/caroline22,,,
536071,,2024-02-15 15:18,USD,False,5,2024-02-15 15:18,BACKER,Streetmix+ Membership (monthly),5,USER,https://opencollective.com/user-96e7f3f7,,,
536228,,2024-02-15 20:50,USD,False,5,2024-02-15 20:54,BACKER,Streetmix+ Membership (monthly),10,USER,https://opencollective.com/user-1198adcd,,,
538247,,2024-02-21 14:13,USD,True,50,2024-02-21 14:13,BACKER,Streetmix+ Membership (yearly),50,USER,https://opencollective.com/lori-morgan,,,
538299,,2024-02-21 16:11,USD,False,5,2024-02-21 16:11,BACKER,Streetmix+ Membership (monthly),5,USER,https://opencollective.com/ericplayz,,,
538700,,2024-02-22 18:55,USD,True,5,2024-07-22 10:41,BACKER,Streetmix+ Membership (monthly),30,USER,https://opencollective.com/megan-graham1,,,
539908,,2024-02-26 16:35,USD,True,50,2024-02-26 16:35,BACKER,Streetmix+ Membership (yearly),50,USER,https://opencollective.com/rivo-vasta,,,
540043,,2024-02-26 21:45,USD,True,50,2024-02-26 21:45,BACKER,Streetmix+ Membership (yearly),50,USER,https://opencollective.com/bothee,,,
540743,,2024-02-28 14:30,USD,True,10,2024-02-28 14:30,BACKER,0,10,USER,https://opencollective.com/andrewsh,,https://github.com/andrewhadura,https://shadura.me/
540828,,2024-02-28 19:36,USD,False,5,2024-06-02 08:01,BACKER,Streetmix+ Membership (monthly),20,USER,https://opencollective.com/eve4,,,
541027,,2024-02-29 10:43,USD,False,5,2024-02-29 10:42,BACKER,Streetmix+ Membership (monthly),5,USER,https://opencollective.com/user-cf25db7f,,,
541259,,2024-02-29 19:18,USD,False,5,2024-04-29 10:13,BACKER,Streetmix+ Membership (monthly),15,USER,https://opencollective.com/guest-b96161bf,,,
541272,,2024-02-29 20:09,USD,True,50,2024-02-29 20:09,BACKER,Streetmix+ Membership (yearly),50,USER,https://opencollective.com/sustainable-development,,,
541445,,2024-03-01 06:19,USD,False,5,2024-03-01 06:19,BACKER,Streetmix+ Membership (monthly),5,USER,https://opencollective.com/guest-be214bb1,,,
541560,,2024-03-01 13:35,USD,True,5,2024-08-02 05:03,BACKER,Streetmix+ Membership (monthly),30,USER,https://opencollective.com/guest-e2fe21e9,,,
541586,,2024-03-01 14:34,USD,True,50,2024-03-01 14:34,BACKER,Streetmix+ Membership (yearly),50,USER,https://opencollective.com/thomas-edmons,,,
541625,,2024-03-01 15:49,USD,False,5,2024-05-02 03:09,BACKER,Streetmix+ Membership (monthly),15,USER,https://opencollective.com/chris117,,,
542942,,2024-03-05 05:44,USD,True,5,2024-08-04 10:22,BACKER,Streetmix+ Membership (monthly),30,USER,https://opencollective.com/btic-vietnam,,,
543417,,2024-03-05 23:21,USD,True,50,2024-03-05 23:21,BACKER,Streetmix+ Membership (yearly),50,USER,https://opencollective.com/guest-5a9c2b09,,,
546249,,2024-03-12 14:38,USD,False,5,2024-03-12 14:38,BACKER,Streetmix+ Membership (monthly),5,USER,https://opencollective.com/aiden6,,,
546860,,2024-03-13 23:18,USD,True,50,2024-03-13 23:18,BACKER,Streetmix+ Membership (yearly),50,USER,https://opencollective.com/guest-4ded8e52,,,
547017,,2024-03-14 10:35,USD,True,50,2024-03-14 10:35,BACKER,Streetmix+ Membership (yearly),50,USER,https://opencollective.com/guest-42f1789a,,,
547176,,2024-03-14 18:32,USD,False,5,2024-05-02 07:07,BACKER,Streetmix+ Membership (monthly),15,USER,https://opencollective.com/user-9c61924b,,,
547975,,2024-03-17 10:22,USD,True,5,2024-08-02 06:01,BACKER,Streetmix+ Membership (monthly),25,USER,https://opencollective.com/camilo-schwarz,,,
548728,,2024-03-19 12:22,USD,False,5,2024-05-02 08:05,BACKER,Streetmix+ Membership (monthly),10,USER,https://opencollective.com/elena-iuliana,,,
548810,,2024-03-19 16:57,USD,False,5,2024-05-02 08:05,BACKER,Streetmix+ Membership (monthly),10,USER,https://opencollective.com/jaclyn1,,,
548926,,2024-03-19 22:44,USD,True,5,2024-08-19 11:17,BACKER,Streetmix+ Membership (monthly),60,USER,https://opencollective.com/user-7ef7b743,,,
549853,,2024-03-21 15:46,USD,True,5,2024-08-02 03:10,BACKER,Streetmix+ Membership (monthly),25,USER,https://opencollective.com/alex204,,,
550227,,2024-03-22 15:03,USD,True,50,2024-03-22 15:03,BACKER,Streetmix+ Membership (yearly),50,USER,https://opencollective.com/jose-madrid-jr,,,
551614,VerkehrsConsult Dresden-Berlin GmbH,2024-03-27 06:39,USD,True,50,2024-03-27 06:39,BACKER,Streetmix+ Membership (yearly),50,USER,https://opencollective.com/vcdb,,,
553175,,2024-04-01 18:44,USD,True,5,2024-08-02 05:07,BACKER,Streetmix+ Membership (monthly),25,USER,https://opencollective.com/mackenzie4,,,
553195,,2024-04-01 20:03,USD,True,50,2024-04-01 20:03,BACKER,Streetmix+ Membership (yearly),50,USER,https://opencollective.com/bert-kuyrkendall,,,
553661,,2024-04-02 23:15,USD,True,50,2024-04-02 23:15,BACKER,Streetmix+ Membership (yearly),50,USER,https://opencollective.com/mark-white1,,,
553753,VerkehrsConsult Dresden-Berlin GmbH,2024-04-03 06:51,0,True,0,2024-08-27 11:05,FOLLOWER,0,50,USER,https://opencollective.com/vcdb,,,
554165,,2024-04-04 09:19,USD,True,5,2024-08-02 05:07,BACKER,Streetmix+ Membership (monthly),25,USER,https://opencollective.com/janusz-skonieczny,,,
555390,,2024-04-09 02:03,USD,False,5,2024-05-08 10:43,BACKER,Streetmix+ Membership (monthly),10,USER,https://opencollective.com/diana-galves,,,
555731,,2024-04-10 09:48,USD,False,5,2024-06-02 08:05,BACKER,Streetmix+ Membership (monthly),15,USER,https://opencollective.com/hardik1,,,
555912,,2024-04-10 21:44,USD,True,50,2024-04-10 21:44,BACKER,Streetmix+ Membership (yearly),50,ORGANIZATION,https://opencollective.com/mobilissimus,,,https://mobilissimus.eu
556044,,2024-04-11 12:37,USD,True,50,2024-04-11 12:37,BACKER,Streetmix+ Membership (yearly),50,USER,https://opencollective.com/matthew45,,,
556094,,2024-04-11 16:27,USD,True,5,2024-08-02 04:11,BACKER,Streetmix+ Membership (monthly),25,USER,https://opencollective.com/rahul11,,,
556164,,2024-04-11 21:48,USD,True,50,2024-04-11 21:48,BACKER,Streetmix+ Membership (yearly),50,USER,https://opencollective.com/guest-07f1ae66,,,
556198,,2024-04-11 22:29,USD,True,5,2024-08-02 08:02,BACKER,Streetmix+ Membership (monthly),25,USER,https://opencollective.com/city-of-a,,,
556553,,2024-04-13 15:08,USD,True,50,2024-04-13 15:08,BACKER,Streetmix+ Membership (yearly),50,USER,https://opencollective.com/guest-17c648b6,,,
557018,,2024-04-15 15:14,USD,True,5,2024-07-03 08:08,BACKER,Streetmix+ Membership (monthly),20,USER,https://opencollective.com/lawrence-for-bikes,,,
557612,,2024-04-17 15:21,USD,True,5,2024-08-02 05:08,BACKER,Streetmix+ Membership (monthly),20,USER,https://opencollective.com/cyril1,,,
558142,,2024-04-19 17:02,USD,True,50,2024-04-19 17:02,BACKER,Streetmix+ Membership (yearly),50,USER,https://opencollective.com/brittany-montano,,,
558644,,2024-04-21 23:04,USD,True,5,2024-08-02 05:09,BACKER,Streetmix+ Membership (monthly),20,USER,https://opencollective.com/sean-gleeson,,,
558848,,2024-04-22 16:19,USD,False,25,2024-04-22 16:19,BACKER,Streetmix+ Membership (monthly),25,USER,https://opencollective.com/jonathan42,,,
559011,,2024-04-23 08:08,USD,False,5,2024-05-23 11:05,BACKER,Streetmix+ Membership (monthly),20,USER,https://opencollective.com/user-ab7b4ef6,,,
559249,,2024-04-23 21:16,USD,True,5,2024-07-23 11:39,BACKER,Streetmix+ Membership (monthly),20,USER,https://opencollective.com/rodrigo-flroes,,,
559522,,2024-04-25 03:24,USD,False,5,2024-06-02 09:09,BACKER,Streetmix+ Membership (monthly),10,USER,https://opencollective.com/juan50,,,
560033,,2024-04-26 20:50,USD,True,50,2024-04-26 20:50,BACKER,Streetmix+ Membership (yearly),50,USER,https://opencollective.com/guest-e4f5cf77,,,
560286,,2024-04-28 00:20,USD,True,5,2024-08-02 07:04,BACKER,Streetmix+ Membership (monthly),20,USER,https://opencollective.com/user-0d8f446a,,,
560434,,2024-04-28 18:56,USD,True,100,2024-04-28 18:56,BACKER,Streetmix+ Membership (yearly),100,USER,https://opencollective.com/guest-c5b9e099,,,
560603,,2024-04-29 14:29,USD,False,5,2024-04-29 14:29,BACKER,Streetmix+ Membership (monthly),5,USER,https://opencollective.com/maria71,,,
560653,,2024-04-29 17:03,USD,True,5,2024-08-02 06:05,BACKER,Streetmix+ Membership (monthly),20,USER,https://opencollective.com/guest-243f93bb,,,
560785,,2024-04-30 02:37,USD,True,50,2024-04-30 02:37,BACKER,Streetmix+ Membership (yearly),50,USER,https://opencollective.com/user-293b5edc,,,
560868,,2024-04-30 10:41,USD,True,50,2024-04-30 10:41,BACKER,Streetmix+ Membership (yearly),50,USER,https://opencollective.com/johannes-luderschmidt,,,
561772,,2024-05-03 02:49,USD,True,5,2024-08-02 06:07,BACKER,Streetmix+ Membership (monthly),20,USER,https://opencollective.com/guest-dc47edea,,,
562007,,2024-05-03 20:36,USD,True,5,2024-08-03 10:01,BACKER,Streetmix+ Membership (monthly),20,USER,https://opencollective.com/guest-4ca85e5c,,,
562270,,2024-05-04 21:26,USD,True,5,2024-08-02 07:05,BACKER,Streetmix+ Membership (monthly),20,USER,https://opencollective.com/bob-dingler,,,
562569,,2024-05-06 09:18,USD,True,5,2024-08-02 06:08,BACKER,Streetmix+ Membership (monthly),20,ORGANIZATION,https://opencollective.com/planificatio,,,
563058,,2024-05-07 17:33,USD,True,50,2024-05-07 17:33,BACKER,Streetmix+ Membership (yearly),50,USER,https://opencollective.com/devin-wilder,,,
564235,,2024-05-11 23:41,USD,True,5,2024-08-02 09:03,BACKER,Streetmix+ Membership (monthly),20,USER,https://opencollective.com/andrew-seigner,,,
564651,,2024-05-13 13:51,USD,True,5,2024-08-02 06:09,BACKER,Streetmix+ Membership (monthly),20,USER,https://opencollective.com/guest-dd44d36f,,,
564946,,2024-05-14 10:03,USD,True,50,2024-05-14 10:03,BACKER,Streetmix+ Membership (yearly),50,USER,https://opencollective.com/rune-stray,,,
565208,,2024-05-15 01:27,USD,False,5,2024-05-15 01:27,BACKER,Streetmix+ Membership (monthly),5,USER,https://opencollective.com/say2,,,
566087,,2024-05-17 18:45,USD,True,10,2024-08-17 10:20,BACKER,Streetmix+ Membership (monthly),20,USER,https://opencollective.com/jorge-flores1,,,
567390,,2024-05-21 20:54,USD,False,5,2024-05-21 20:54,BACKER,Streetmix+ Membership (monthly),5,USER,https://opencollective.com/guest-0ce848f9,,,
567729,,2024-05-22 19:55,USD,True,50,2024-05-22 19:55,BACKER,Streetmix+ Membership (yearly),50,USER,https://opencollective.com/dan50,,,
567817,,2024-05-23 01:31,USD,False,5,2024-05-23 01:31,BACKER,Streetmix+ Membership (monthly),5,USER,https://opencollective.com/ronaldo2,,,
568031,,2024-05-23 14:34,0,True,0,2024-08-27 11:05,FOLLOWER,0,0,USER,https://opencollective.com/lucas50,,,
568384,,2024-05-24 12:56,USD,True,5,2024-08-24 10:05,BACKER,Streetmix+ Membership (monthly),20,USER,https://opencollective.com/andrea38,,,
568385,,2024-05-24 13:01,USD,True,5,2024-07-24 10:34,FOLLOWER,0,20,USER,https://opencollective.com/andrea38,,,
570270,,2024-05-30 13:44,USD,False,5,2024-05-30 13:44,BACKER,Streetmix+ Membership (monthly),5,USER,https://opencollective.com/adelmo,,,
570271,,2024-05-30 13:47,0,True,0,2024-08-27 11:05,FOLLOWER,0,5,USER,https://opencollective.com/adelmo,,,
570827,,2024-05-31 16:33,USD,True,5,2024-08-02 07:11,BACKER,Streetmix+ Membership (monthly),15,USER,https://opencollective.com/andrea39,,,
570900,,2024-05-31 19:40,USD,True,5,2024-07-31 11:15,BACKER,Streetmix+ Membership (monthly),15,USER,https://opencollective.com/michael123,,,
571533,,2024-06-03 02:18,USD,True,5,2024-07-03 10:06,BACKER,Streetmix+ Membership (monthly),10,USER,https://opencollective.com/user-f048efde,,,
572584,,2024-06-05 15:11,USD,True,50,2024-06-05 15:11,BACKER,Streetmix+ Membership (yearly),50,USER,https://opencollective.com/catherine18,,,
572738,,2024-06-06 07:18,USD,True,5,2024-08-02 08:07,BACKER,Streetmix+ Membership (monthly),15,USER,https://opencollective.com/horia1,,,
573951,,2024-06-09 23:11,USD,True,5,2024-07-03 10:11,BACKER,Streetmix+ Membership (monthly),10,USER,https://opencollective.com/user-68d24fb8,,,
574305,,2024-06-11 00:45,USD,True,50,2024-06-11 00:45,BACKER,Streetmix+ Membership (yearly),50,USER,https://opencollective.com/guest-1678505f,,,
574540,,2024-06-11 16:36,USD,True,5,2024-08-02 08:10,BACKER,Streetmix+ Membership (monthly),15,USER,https://opencollective.com/guest-8cd0da95,,,
574640,,2024-06-11 21:56,USD,True,5,2024-07-03 11:10,BACKER,Streetmix+ Membership (monthly),10,USER,https://opencollective.com/mayrah,,,
574872,,2024-06-12 13:24,USD,True,50,2024-06-12 13:24,BACKER,Streetmix+ Membership (yearly),50,USER,https://opencollective.com/philippe-poire,,,
574932,,2024-06-12 15:54,USD,True,50,2024-06-12 15:54,BACKER,Streetmix+ Membership (yearly),50,USER,https://opencollective.com/guest-963991bd,,,
575105,,2024-06-13 05:03,0,True,0,2024-08-27 11:05,FOLLOWER,0,0,USER,https://opencollective.com/gregory-gabriel,,,
575463,,2024-06-14 04:30,USD,False,5,2024-06-14 04:30,BACKER,Streetmix+ Membership (monthly),5,USER,https://opencollective.com/jennifer28,,,
575683,,2024-06-14 18:24,USD,True,5,2024-07-14 11:12,BACKER,Streetmix+ Membership (monthly),10,USER,https://opencollective.com/adrian42,,,
575914,,2024-06-15 17:58,USD,True,5,2024-08-02 09:09,BACKER,Streetmix+ Membership (monthly),15,USER,https://opencollective.com/austin-carter1,,,
576061,,2024-06-16 14:08,USD,True,5,2024-08-16 10:53,BACKER,Streetmix+ Membership (monthly),15,USER,https://opencollective.com/guest-01680dde,,,
576080,,2024-06-16 16:35,USD,True,5,2024-08-16 10:38,BACKER,Streetmix+ Membership (monthly),15,USER,https://opencollective.com/user-51a95c5d,,,
576292,,2024-06-17 14:50,USD,True,5,2024-07-17 10:47,BACKER,Streetmix+ Membership (monthly),10,USER,https://opencollective.com/user-271a97c5,,,
576406,,2024-06-17 22:42,USD,True,5,2024-08-02 09:11,BACKER,Streetmix+ Membership (monthly),10,USER,https://opencollective.com/user-df499277,,,
576833,,2024-06-19 10:15,USD,True,5,2024-07-19 10:33,BACKER,Streetmix+ Membership (monthly),20,USER,https://opencollective.com/kareem-yacoub,,,
576875,,2024-06-19 12:50,USD,True,5,2024-08-02 09:11,BACKER,Streetmix+ Membership (monthly),10,USER,https://opencollective.com/peter-brocks,,,
577063,,2024-06-20 00:53,USD,True,50,2024-06-20 00:53,BACKER,Streetmix+ Membership (yearly),50,USER,https://opencollective.com/guest-dda19c4c,,,
577291,,2024-06-20 21:17,USD,False,5,2024-06-20 21:17,BACKER,Streetmix+ Membership (monthly),5,USER,https://opencollective.com/user-306b1f0c,,,
577575,,2024-06-21 19:04,USD,True,5,2024-08-02 10:01,BACKER,Streetmix+ Membership (monthly),10,USER,https://opencollective.com/guest-42aa9bb0,,,
577771,,2024-06-22 16:44,USD,True,5,2024-06-22 16:44,BACKER,0,5,USER,https://opencollective.com/harith,,,
577784,,2024-06-22 18:14,USD,True,5,2024-08-22 10:17,BACKER,Streetmix+ Membership (monthly),15,USER,https://opencollective.com/guest-dde30a72,,,
578065,,2024-06-24 01:42,USD,True,5,2024-08-02 10:03,BACKER,Streetmix+ Membership (monthly),10,USER,https://opencollective.com/guest-c4285b34,,,
578451,,2024-06-25 04:42,USD,False,5,2024-06-25 04:42,BACKER,Streetmix+ Membership (monthly),5,USER,https://opencollective.com/mario31,,,
578870,,2024-06-26 13:09,USD,True,5,2024-08-26 10:27,BACKER,Streetmix+ Membership (monthly),15,USER,https://opencollective.com/sima1,,,
579036,,2024-06-27 02:26,USD,True,5,2024-08-02 10:04,BACKER,Streetmix+ Membership (monthly),10,USER,https://opencollective.com/crim-fitness-foundation,,,
582427,,2024-07-09 08:11,0,True,0,2024-08-27 11:05,FOLLOWER,0,0,USER,https://opencollective.com/liu2-meng4-ru2,,,
584054,,2024-07-14 19:14,USD,True,5,2024-08-02 11:05,BACKER,Streetmix+ Membership (monthly),10,USER,https://opencollective.com/jeneish,,,
585344,,2024-07-18 02:25,USD,True,50,2024-07-18 02:25,BACKER,Streetmix+ Membership (yearly),50,USER,https://opencollective.com/zhou1-feng1,,,
585751,,2024-07-19 15:04,USD,True,5,2024-08-19 10:39,BACKER,Streetmix+ Membership (monthly),10,USER,https://opencollective.com/az6,,,
587194,,2024-07-25 03:32,USD,True,5,2024-07-25 03:32,BACKER,Streetmix+ Membership (monthly),5,USER,https://opencollective.com/michael-podgers,,,
587299,,2024-07-25 14:07,USD,True,5,2024-07-25 14:07,BACKER,Streetmix+ Membership (monthly),5,USER,https://opencollective.com/brian43,,,
588446,,2024-07-29 15:32,USD,True,5,2024-07-29 15:32,BACKER,Streetmix+ Membership (monthly),5,USER,https://opencollective.com/jack77,,,
588591,,2024-07-30 00:26,USD,True,50,2024-07-30 00:26,BACKER,Streetmix+ Membership (yearly),50,USER,https://opencollective.com/jasonwt1234,,,
589805,,2024-08-02 18:44,USD,True,5,2024-08-02 18:44,BACKER,Streetmix+ Membership (monthly),5,USER,https://opencollective.com/james131,,,
589864,,2024-08-03 03:36,USD,True,5,2024-08-03 03:36,BACKER,Streetmix+ Membership (monthly),5,USER,https://opencollective.com/guest-f8463409,,,
591696,,2024-08-08 18:45,USD,True,5,2024-08-08 18:45,BACKER,Streetmix+ Membership (monthly),5,USER,https://opencollective.com/guest-362a6def,,,
592651,,2024-08-12 14:22,USD,True,50,2024-08-12 14:22,BACKER,Streetmix+ Membership (yearly),50,USER,https://opencollective.com/herb-nolan,,,
593237,,2024-08-14 02:45,USD,True,10,2024-08-14 02:45,BACKER,0,10,USER,https://opencollective.com/sharon-chen,,,
594223,,2024-08-17 03:45,USD,True,5,2024-08-17 03:45,BACKER,Streetmix+ Membership (monthly),5,USER,https://opencollective.com/guest-d853f1c8,,,
594576,,2024-08-18 18:51,USD,True,5,2024-08-18 18:51,BACKER,Streetmix+ Membership (monthly),5,USER,https://opencollective.com/guest-b2970a11,,,
594645,,2024-08-19 03:32,USD,True,5,2024-08-19 03:32,BACKER,Streetmix+ Membership (monthly),5,USER,https://opencollective.com/rubi1,,,
595039,,2024-08-20 14:45,USD,True,5,2024-08-20 14:45,BACKER,Streetmix+ Membership (monthly),5,USER,https://opencollective.com/guest-6e2d60dd,,,
595620,,2024-08-22 17:46,USD,True,5,2024-08-22 17:46,BACKER,Streetmix+ Membership (monthly),5,USER,https://opencollective.com/user-11ad805f,,,
595956,,2024-08-23 18:36,USD,True,50,2024-08-23 18:36,BACKER,Streetmix+ Membership (yearly),50,USER,https://opencollective.com/ruben-perales,,,
595980,,2024-08-23 20:08,USD,True,5,2024-08-23 20:08,BACKER,Streetmix+ Membership (monthly),5,USER,https://opencollective.com/amanda37,,,
595981,,2024-08-23 20:11,0,True,0,2024-08-27 11:05,FOLLOWER,0,5,USER,https://opencollective.com/amanda37,,,
596142,,2024-08-24 14:55,USD,True,5,2024-08-24 14:55,BACKER,Streetmix+ Membership (monthly),5,USER,https://opencollective.com/molly14,,,
596392,,2024-08-25 20:34,USD,True,5,2024-08-25 20:34,BACKER,Streetmix+ Membership (monthly),5,USER,https://opencollective.com/vanel,,,
596646,,2024-08-26 20:42,USD,True,5,2024-08-26 20:42,BACKER,Streetmix+ Membership (monthly),5,USER,https://opencollective.com/guest-728f3bf0,,,
